Timing Analyzer report for max10_aging_top
Tue Oct  6 16:11:56 2026
Quartus Prime Version 25.1std.0 Build 1129 10/21/2025 SC Lite Edition


---------------------
; Table of Contents ;
---------------------
  1. Legal Notice
  2. Timing Analyzer Summary
  3. Parallel Compilation
  4. SDC File List
  5. Clocks
  6. Slow 1200mV 85C Model Fmax Summary
  7. Slow 1200mV 85C Model Setup Summary
  8. Slow 1200mV 85C Model Hold Summary
  9. Slow 1200mV 85C Model Recovery Summary
 10. Slow 1200mV 85C Model Removal Summary
 11. Slow 1200mV 85C Model Minimum Pulse Width Summary
 12. Slow 1200mV 85C Model Metastability Summary
 13. Slow 1200mV 0C Model Fmax Summary
 14. Slow 1200mV 0C Model Setup Summary
 15. Slow 1200mV 0C Model Hold Summary
 16. Slow 1200mV 0C Model Recovery Summary
 17. Slow 1200mV 0C Model Removal Summary
 18. Slow 1200mV 0C Model Minimum Pulse Width Summary
 19. Slow 1200mV 0C Model Metastability Summary
 20. Fast 1200mV 0C Model Setup Summary
 21. Fast 1200mV 0C Model Hold Summary
 22. Fast 1200mV 0C Model Recovery Summary
 23. Fast 1200mV 0C Model Removal Summary
 24. Fast 1200mV 0C Model Minimum Pulse Width Summary
 25. Fast 1200mV 0C Model Metastability Summary
 26. Multicorner Timing Analysis Summary
 27. Board Trace Model Assignments
 28. Input Transition Times
 29. Signal Integrity Metrics (Slow 1200mv 0c Model)
 30. Signal Integrity Metrics (Slow 1200mv 85c Model)
 31. Signal Integrity Metrics (Fast 1200mv 0c Model)
 32. Setup Transfers
 33. Hold Transfers
 34. Recovery Transfers
 35. Removal Transfers
 36. Report TCCS
 37. Report RSKM
 38. Unconstrained Paths Summary
 39. Clock Status Summary
 40. Unconstrained Input Ports
 41. Unconstrained Output Ports
 42. Unconstrained Input Ports
 43. Unconstrained Output Ports
 44. Timing Analyzer Messages



----------------
; Legal Notice ;
----------------
Copyright (C) 2025  Altera Corporation. All rights reserved.
Your use of Altera Corporation's design tools, logic functions 
and other software and tools, and any partner logic 
functions, and any output files from any of the foregoing 
(including device programming or simulation files), and any 
associated documentation or information are expressly subject 
to the terms and conditions of the Altera Program License 
Subscription Agreement, the Altera Quartus Prime License Agreement,
the Altera IP License Agreement, or other applicable license
agreement, including, without limitation, that your use is for
the sole purpose of programming logic devices manufactured by
Altera and sold by Altera or its authorized distributors.  Please
refer to the Altera Software License Subscription Agreements 
on the Quartus Prime software download page.



+---------------------------------------------------------------------------------+
; Timing Analyzer Summary                                                         ;
+-----------------------+---------------------------------------------------------+
; Quartus Prime Version ; Version 25.1std.0 Build 1129 10/21/2025 SC Lite Edition ;
; Timing Analyzer       ; Legacy Timing Analyzer                                  ;
; Revision Name         ; max10_aging_top                                         ;
; Device Family         ; MAX 10                                                  ;
; Device Name           ; 10M50DAF484C7G                                          ;
; Timing Models         ; Final                                                   ;
; Delay Model           ; Combined                                                ;
; Rise/Fall Delays      ; Enabled                                                 ;
+-----------------------+---------------------------------------------------------+


+------------------------------------------+
; Parallel Compilation                     ;
+----------------------------+-------------+
; Processors                 ; Number      ;
+----------------------------+-------------+
; Number detected on machine ; 8           ;
; Maximum allowed            ; 4           ;
;                            ;             ;
; Average used               ; 1.07        ;
; Maximum used               ; 4           ;
;                            ;             ;
; Usage by Processor         ; % Time Used ;
;     Processor 1            ; 100.0%      ;
;     Processor 2            ;   2.2%      ;
;     Processors 3-4         ;   2.2%      ;
+----------------------------+-------------+


+---------------------------------------------------------------------+
; SDC File List                                                       ;
+---------------------------------+--------+--------------------------+
; SDC File Path                   ; Status ; Read at                  ;
+---------------------------------+--------+--------------------------+
; src/constraints/max10_aging.sdc ; OK     ; Tue Oct  6 16:11:54 2026 ;
+---------------------------------+--------+--------------------------+


+---------------------------------------------------------------------------------------------------------------------------------------------------------------------------------------------------------------------------------------------------------------------------------------------------------------------------------------------+
; Clocks                                                                                                                                                                                                                                                                                                                                      ;
+---------------------------------------------------------+-----------+---------+-----------+--------+---------+------------+-----------+-------------+-------+--------+-----------+------------+----------+--------+-----------------------------------------------------------+-------------------------------------------------------------+
; Clock Name                                              ; Type      ; Period  ; Frequency ; Rise   ; Fall    ; Duty Cycle ; Divide by ; Multiply by ; Phase ; Offset ; Edge List ; Edge Shift ; Inverted ; Master ; Source                                                    ; Targets                                                     ;
+---------------------------------------------------------+-----------+---------+-----------+--------+---------+------------+-----------+-------------+-------+--------+-----------+------------+----------+--------+-----------------------------------------------------------+-------------------------------------------------------------+
; clk50                                                   ; Base      ; 20.000  ; 50.0 MHz  ; 0.000  ; 10.000  ;            ;           ;             ;       ;        ;           ;            ;          ;        ;                                                           ; { clk50 }                                                   ;
; u_aging_pll|altpll_component|auto_generated|pll1|clk[0] ; Generated ; 200.000 ; 5.0 MHz   ; 0.000  ; 100.000 ; 50.00      ; 10        ; 1           ;       ;        ;           ;            ; false    ; clk50  ; u_aging_pll|altpll_component|auto_generated|pll1|inclk[0] ; { u_aging_pll|altpll_component|auto_generated|pll1|clk[0] } ;
; u_aging_pll|altpll_component|auto_generated|pll1|clk[1] ; Generated ; 200.000 ; 5.0 MHz   ; 0.000  ; 100.000 ; 50.00      ; 10        ; 1           ;       ;        ;           ;            ; false    ; clk50  ; u_aging_pll|altpll_component|auto_generated|pll1|inclk[0] ; { u_aging_pll|altpll_component|auto_generated|pll1|clk[1] } ;
; u_aging_pll|altpll_component|auto_generated|pll1|clk[2] ; Generated ; 200.000 ; 5.0 MHz   ; 10.000 ; 110.000 ; 50.00      ; 10        ; 1           ; 18.0  ;        ;           ;            ; false    ; clk50  ; u_aging_pll|altpll_component|auto_generated|pll1|inclk[0] ; { u_aging_pll|altpll_component|auto_generated|pll1|clk[2] } ;
+---------------------------------------------------------+-----------+---------+-----------+--------+---------+------------+-----------+-------------+-------+--------+-----------+------------+----------+--------+-----------------------------------------------------------+-------------------------------------------------------------+


+-----------------------------------------------------------------------------------------------+
; Slow 1200mV 85C Model Fmax Summary                                                            ;
+------------+-----------------+---------------------------------------------------------+------+
; Fmax       ; Restricted Fmax ; Clock Name                                              ; Note ;
+------------+-----------------+---------------------------------------------------------+------+
; 38.11 MHz  ; 38.11 MHz       ; u_aging_pll|altpll_component|auto_generated|pll1|clk[0] ;      ;
; 204.54 MHz ; 204.54 MHz      ; clk50                                                   ;      ;
+------------+-----------------+---------------------------------------------------------+------+
This panel reports FMAX for every clock in the design, regardless of the user-specified clock periods.  FMAX is only computed for paths where the source and destination registers or ports are driven by the same clock.  Paths of different clocks, including generated clocks, are ignored.  For paths between a clock and its inversion, FMAX is computed as if the rising and falling edges are scaled along with FMAX, such that the duty cycle (in terms of a percentage) is maintained. Altera recommends that you always use clock constraints and other slack reports for sign-off analysis.


+-----------------------------------------------------------------------------------+
; Slow 1200mV 85C Model Setup Summary                                               ;
+---------------------------------------------------------+---------+---------------+
; Clock                                                   ; Slack   ; End Point TNS ;
+---------------------------------------------------------+---------+---------------+
; clk50                                                   ; 15.111  ; 0.000         ;
; u_aging_pll|altpll_component|auto_generated|pll1|clk[0] ; 173.763 ; 0.000         ;
+---------------------------------------------------------+---------+---------------+


+---------------------------------------------------------------------------------+
; Slow 1200mV 85C Model Hold Summary                                              ;
+---------------------------------------------------------+-------+---------------+
; Clock                                                   ; Slack ; End Point TNS ;
+---------------------------------------------------------+-------+---------------+
; clk50                                                   ; 0.347 ; 0.000         ;
; u_aging_pll|altpll_component|auto_generated|pll1|clk[0] ; 0.439 ; 0.000         ;
+---------------------------------------------------------+-------+---------------+


------------------------------------------
; Slow 1200mV 85C Model Recovery Summary ;
------------------------------------------
No paths to report.


-----------------------------------------
; Slow 1200mV 85C Model Removal Summary ;
-----------------------------------------
No paths to report.


+----------------------------------------------------------------------------------+
; Slow 1200mV 85C Model Minimum Pulse Width Summary                                ;
+---------------------------------------------------------+--------+---------------+
; Clock                                                   ; Slack  ; End Point TNS ;
+---------------------------------------------------------+--------+---------------+
; clk50                                                   ; 8.749  ; 0.000         ;
; u_aging_pll|altpll_component|auto_generated|pll1|clk[1] ; 99.740 ; 0.000         ;
; u_aging_pll|altpll_component|auto_generated|pll1|clk[0] ; 99.741 ; 0.000         ;
; u_aging_pll|altpll_component|auto_generated|pll1|clk[2] ; 99.741 ; 0.000         ;
+---------------------------------------------------------+--------+---------------+


-----------------------------------------------
; Slow 1200mV 85C Model Metastability Summary ;
-----------------------------------------------
No synchronizer chains to report.


+-----------------------------------------------------------------------------------------------+
; Slow 1200mV 0C Model Fmax Summary                                                             ;
+------------+-----------------+---------------------------------------------------------+------+
; Fmax       ; Restricted Fmax ; Clock Name                                              ; Note ;
+------------+-----------------+---------------------------------------------------------+------+
; 41.49 MHz  ; 41.49 MHz       ; u_aging_pll|altpll_component|auto_generated|pll1|clk[0] ;      ;
; 222.47 MHz ; 222.47 MHz      ; clk50                                                   ;      ;
+------------+-----------------+---------------------------------------------------------+------+
This panel reports FMAX for every clock in the design, regardless of the user-specified clock periods.  FMAX is only computed for paths where the source and destination registers or ports are driven by the same clock.  Paths of different clocks, including generated clocks, are ignored.  For paths between a clock and its inversion, FMAX is computed as if the rising and falling edges are scaled along with FMAX, such that the duty cycle (in terms of a percentage) is maintained. Altera recommends that you always use clock constraints and other slack reports for sign-off analysis.


+-----------------------------------------------------------------------------------+
; Slow 1200mV 0C Model Setup Summary                                                ;
+---------------------------------------------------------+---------+---------------+
; Clock                                                   ; Slack   ; End Point TNS ;
+---------------------------------------------------------+---------+---------------+
; clk50                                                   ; 15.505  ; 0.000         ;
; u_aging_pll|altpll_component|auto_generated|pll1|clk[0] ; 175.895 ; 0.000         ;
+---------------------------------------------------------+---------+---------------+


+---------------------------------------------------------------------------------+
; Slow 1200mV 0C Model Hold Summary                                               ;
+---------------------------------------------------------+-------+---------------+
; Clock                                                   ; Slack ; End Point TNS ;
+---------------------------------------------------------+-------+---------------+
; clk50                                                   ; 0.311 ; 0.000         ;
; u_aging_pll|altpll_component|auto_generated|pll1|clk[0] ; 0.359 ; 0.000         ;
+---------------------------------------------------------+-------+---------------+


-----------------------------------------
; Slow 1200mV 0C Model Recovery Summary ;
-----------------------------------------
No paths to report.


----------------------------------------
; Slow 1200mV 0C Model Removal Summary ;
----------------------------------------
No paths to report.


+----------------------------------------------------------------------------------+
; Slow 1200mV 0C Model Minimum Pulse Width Summary                                 ;
+---------------------------------------------------------+--------+---------------+
; Clock                                                   ; Slack  ; End Point TNS ;
+---------------------------------------------------------+--------+---------------+
; clk50                                                   ; 8.778  ; 0.000         ;
; u_aging_pll|altpll_component|auto_generated|pll1|clk[0] ; 99.719 ; 0.000         ;
; u_aging_pll|altpll_component|auto_generated|pll1|clk[2] ; 99.719 ; 0.000         ;
; u_aging_pll|altpll_component|auto_generated|pll1|clk[1] ; 99.720 ; 0.000         ;
+---------------------------------------------------------+--------+---------------+


----------------------------------------------
; Slow 1200mV 0C Model Metastability Summary ;
----------------------------------------------
No synchronizer chains to report.


+-----------------------------------------------------------------------------------+
; Fast 1200mV 0C Model Setup Summary                                                ;
+---------------------------------------------------------+---------+---------------+
; Clock                                                   ; Slack   ; End Point TNS ;
+---------------------------------------------------------+---------+---------------+
; clk50                                                   ; 17.968  ; 0.000         ;
; u_aging_pll|altpll_component|auto_generated|pll1|clk[0] ; 189.466 ; 0.000         ;
+---------------------------------------------------------+---------+---------------+


+---------------------------------------------------------------------------------+
; Fast 1200mV 0C Model Hold Summary                                               ;
+---------------------------------------------------------+-------+---------------+
; Clock                                                   ; Slack ; End Point TNS ;
+---------------------------------------------------------+-------+---------------+
; clk50                                                   ; 0.151 ; 0.000         ;
; u_aging_pll|altpll_component|auto_generated|pll1|clk[0] ; 0.215 ; 0.000         ;
+---------------------------------------------------------+-------+---------------+


-----------------------------------------
; Fast 1200mV 0C Model Recovery Summary ;
-----------------------------------------
No paths to report.


----------------------------------------
; Fast 1200mV 0C Model Removal Summary ;
----------------------------------------
No paths to report.


+----------------------------------------------------------------------------------+
; Fast 1200mV 0C Model Minimum Pulse Width Summary                                 ;
+---------------------------------------------------------+--------+---------------+
; Clock                                                   ; Slack  ; End Point TNS ;
+---------------------------------------------------------+--------+---------------+
; clk50                                                   ; 8.506  ; 0.000         ;
; u_aging_pll|altpll_component|auto_generated|pll1|clk[0] ; 99.804 ; 0.000         ;
; u_aging_pll|altpll_component|auto_generated|pll1|clk[1] ; 99.804 ; 0.000         ;
; u_aging_pll|altpll_component|auto_generated|pll1|clk[2] ; 99.804 ; 0.000         ;
+---------------------------------------------------------+--------+---------------+


----------------------------------------------
; Fast 1200mV 0C Model Metastability Summary ;
----------------------------------------------
No synchronizer chains to report.


+-----------------------------------------------------------------------------------------------------------------------+
; Multicorner Timing Analysis Summary                                                                                   ;
+----------------------------------------------------------+---------+-------+----------+---------+---------------------+
; Clock                                                    ; Setup   ; Hold  ; Recovery ; Removal ; Minimum Pulse Width ;
+----------------------------------------------------------+---------+-------+----------+---------+---------------------+
; Worst-case Slack                                         ; 15.111  ; 0.151 ; N/A      ; N/A     ; 8.506               ;
;  clk50                                                   ; 15.111  ; 0.151 ; N/A      ; N/A     ; 8.506               ;
;  u_aging_pll|altpll_component|auto_generated|pll1|clk[0] ; 173.763 ; 0.215 ; N/A      ; N/A     ; 99.719              ;
;  u_aging_pll|altpll_component|auto_generated|pll1|clk[1] ; N/A     ; N/A   ; N/A      ; N/A     ; 99.720              ;
;  u_aging_pll|altpll_component|auto_generated|pll1|clk[2] ; N/A     ; N/A   ; N/A      ; N/A     ; 99.719              ;
; Design-wide TNS                                          ; 0.0     ; 0.0   ; 0.0      ; 0.0     ; 0.0                 ;
;  clk50                                                   ; 0.000   ; 0.000 ; N/A      ; N/A     ; 0.000               ;
;  u_aging_pll|altpll_component|auto_generated|pll1|clk[0] ; 0.000   ; 0.000 ; N/A      ; N/A     ; 0.000               ;
;  u_aging_pll|altpll_component|auto_generated|pll1|clk[1] ; N/A     ; N/A   ; N/A      ; N/A     ; 0.000               ;
;  u_aging_pll|altpll_component|auto_generated|pll1|clk[2] ; N/A     ; N/A   ; N/A      ; N/A     ; 0.000               ;
+----------------------------------------------------------+---------+-------+----------+---------+---------------------+


+-------------------------------------------------------------------------------------------------------------------------------------------------------------------------------------------------------------------------------------------------------------------------------------------------------------------------------------------------------------------------------------------------------------------+
; Board Trace Model Assignments                                                                                                                                                                                                                                                                                                                                                                                     ;
+----------------+--------------+-------------------+-------------------------+-------------------------+---------------+---------------------+----------------+------------------+--------+------------------+------------------------+------------------------+--------------+---------------+-----------------+-------+---------------------+--------------------+---------------+-----------------+-------------+
; Pin            ; I/O Standard ; Near Tline Length ; Near Tline L per Length ; Near Tline C per Length ; Near Series R ; Near Differential R ; Near Pull-up R ; Near Pull-down R ; Near C ; Far Tline Length ; Far Tline L per Length ; Far Tline C per Length ; Far Series R ; Far Pull-up R ; Far Pull-down R ; Far C ; Termination Voltage ; Far Differential R ; EBD File Name ; EBD Signal Name ; EBD Far-end ;
+----------------+--------------+-------------------+-------------------------+-------------------------+---------------+---------------------+----------------+------------------+--------+------------------+------------------------+------------------------+--------------+---------------+-----------------+-------+---------------------+--------------------+---------------+-----------------+-------------+
; alarm          ; 2.5 V        ; 0 in              ; 0 H/in                  ; 0 F/in                  ; short         ; -                   ; open           ; open             ; open   ; 0 in             ; 0 H/in                 ; 0 F/in                 ; short        ; open          ; open            ; open  ; 0 V                 ; -                  ; n/a           ; n/a             ; n/a         ;
; pll_locked     ; 2.5 V        ; 0 in              ; 0 H/in                  ; 0 F/in                  ; short         ; -                   ; open           ; open             ; open   ; 0 in             ; 0 H/in                 ; 0 F/in                 ; short        ; open          ; open            ; open  ; 0 V                 ; -                  ; n/a           ; n/a             ; n/a         ;
; calibrated     ; 2.5 V        ; 0 in              ; 0 H/in                  ; 0 F/in                  ; short         ; -                   ; open           ; open             ; open   ; 0 in             ; 0 H/in                 ; 0 F/in                 ; short        ; open          ; open            ; open  ; 0 V                 ; -                  ; n/a           ; n/a             ; n/a         ;
; uart_txd       ; 2.5 V        ; 0 in              ; 0 H/in                  ; 0 F/in                  ; short         ; -                   ; open           ; open             ; open   ; 0 in             ; 0 H/in                 ; 0 F/in                 ; short        ; open          ; open            ; open  ; 0 V                 ; -                  ; n/a           ; n/a             ; n/a         ;
; hex0[0]        ; 2.5 V        ; 0 in              ; 0 H/in                  ; 0 F/in                  ; short         ; -                   ; open           ; open             ; open   ; 0 in             ; 0 H/in                 ; 0 F/in                 ; short        ; open          ; open            ; open  ; 0 V                 ; -                  ; n/a           ; n/a             ; n/a         ;
; hex0[1]        ; 2.5 V        ; 0 in              ; 0 H/in                  ; 0 F/in                  ; short         ; -                   ; open           ; open             ; open   ; 0 in             ; 0 H/in                 ; 0 F/in                 ; short        ; open          ; open            ; open  ; 0 V                 ; -                  ; n/a           ; n/a             ; n/a         ;
; hex0[2]        ; 2.5 V        ; 0 in              ; 0 H/in                  ; 0 F/in                  ; short         ; -                   ; open           ; open             ; open   ; 0 in             ; 0 H/in                 ; 0 F/in                 ; short        ; open          ; open            ; open  ; 0 V                 ; -                  ; n/a           ; n/a             ; n/a         ;
; hex0[3]        ; 2.5 V        ; 0 in              ; 0 H/in                  ; 0 F/in                  ; short         ; -                   ; open           ; open             ; open   ; 0 in             ; 0 H/in                 ; 0 F/in                 ; short        ; open          ; open            ; open  ; 0 V                 ; -                  ; n/a           ; n/a             ; n/a         ;
; hex0[4]        ; 2.5 V        ; 0 in              ; 0 H/in                  ; 0 F/in                  ; short         ; -                   ; open           ; open             ; open   ; 0 in             ; 0 H/in                 ; 0 F/in                 ; short        ; open          ; open            ; open  ; 0 V                 ; -                  ; n/a           ; n/a             ; n/a         ;
; hex0[5]        ; 2.5 V        ; 0 in              ; 0 H/in                  ; 0 F/in                  ; short         ; -                   ; open           ; open             ; open   ; 0 in             ; 0 H/in                 ; 0 F/in                 ; short        ; open          ; open            ; open  ; 0 V                 ; -                  ; n/a           ; n/a             ; n/a         ;
; hex0[6]        ; 2.5 V        ; 0 in              ; 0 H/in                  ; 0 F/in                  ; short         ; -                   ; open           ; open             ; open   ; 0 in             ; 0 H/in                 ; 0 F/in                 ; short        ; open          ; open            ; open  ; 0 V                 ; -                  ; n/a           ; n/a             ; n/a         ;
; hex1[0]        ; 2.5 V        ; 0 in              ; 0 H/in                  ; 0 F/in                  ; short         ; -                   ; open           ; open             ; open   ; 0 in             ; 0 H/in                 ; 0 F/in                 ; short        ; open          ; open            ; open  ; 0 V                 ; -                  ; n/a           ; n/a             ; n/a         ;
; hex1[1]        ; 2.5 V        ; 0 in              ; 0 H/in                  ; 0 F/in                  ; short         ; -                   ; open           ; open             ; open   ; 0 in             ; 0 H/in                 ; 0 F/in                 ; short        ; open          ; open            ; open  ; 0 V                 ; -                  ; n/a           ; n/a             ; n/a         ;
; hex1[2]        ; 2.5 V        ; 0 in              ; 0 H/in                  ; 0 F/in                  ; short         ; -                   ; open           ; open             ; open   ; 0 in             ; 0 H/in                 ; 0 F/in                 ; short        ; open          ; open            ; open  ; 0 V                 ; -                  ; n/a           ; n/a             ; n/a         ;
; hex1[3]        ; 2.5 V        ; 0 in              ; 0 H/in                  ; 0 F/in                  ; short         ; -                   ; open           ; open             ; open   ; 0 in             ; 0 H/in                 ; 0 F/in                 ; short        ; open          ; open            ; open  ; 0 V                 ; -                  ; n/a           ; n/a             ; n/a         ;
; hex1[4]        ; 2.5 V        ; 0 in              ; 0 H/in                  ; 0 F/in                  ; short         ; -                   ; open           ; open             ; open   ; 0 in             ; 0 H/in                 ; 0 F/in                 ; short        ; open          ; open            ; open  ; 0 V                 ; -                  ; n/a           ; n/a             ; n/a         ;
; hex1[5]        ; 2.5 V        ; 0 in              ; 0 H/in                  ; 0 F/in                  ; short         ; -                   ; open           ; open             ; open   ; 0 in             ; 0 H/in                 ; 0 F/in                 ; short        ; open          ; open            ; open  ; 0 V                 ; -                  ; n/a           ; n/a             ; n/a         ;
; hex1[6]        ; 2.5 V        ; 0 in              ; 0 H/in                  ; 0 F/in                  ; short         ; -                   ; open           ; open             ; open   ; 0 in             ; 0 H/in                 ; 0 F/in                 ; short        ; open          ; open            ; open  ; 0 V                 ; -                  ; n/a           ; n/a             ; n/a         ;
; hex2[0]        ; 2.5 V        ; 0 in              ; 0 H/in                  ; 0 F/in                  ; short         ; -                   ; open           ; open             ; open   ; 0 in             ; 0 H/in                 ; 0 F/in                 ; short        ; open          ; open            ; open  ; 0 V                 ; -                  ; n/a           ; n/a             ; n/a         ;
; hex2[1]        ; 2.5 V        ; 0 in              ; 0 H/in                  ; 0 F/in                  ; short         ; -                   ; open           ; open             ; open   ; 0 in             ; 0 H/in                 ; 0 F/in                 ; short        ; open          ; open            ; open  ; 0 V                 ; -                  ; n/a           ; n/a             ; n/a         ;
; hex2[2]        ; 2.5 V        ; 0 in              ; 0 H/in                  ; 0 F/in                  ; short         ; -                   ; open           ; open             ; open   ; 0 in             ; 0 H/in                 ; 0 F/in                 ; short        ; open          ; open            ; open  ; 0 V                 ; -                  ; n/a           ; n/a             ; n/a         ;
; hex2[3]        ; 2.5 V        ; 0 in              ; 0 H/in                  ; 0 F/in                  ; short         ; -                   ; open           ; open             ; open   ; 0 in             ; 0 H/in                 ; 0 F/in                 ; short        ; open          ; open            ; open  ; 0 V                 ; -                  ; n/a           ; n/a             ; n/a         ;
; hex2[4]        ; 2.5 V        ; 0 in              ; 0 H/in                  ; 0 F/in                  ; short         ; -                   ; open           ; open             ; open   ; 0 in             ; 0 H/in                 ; 0 F/in                 ; short        ; open          ; open            ; open  ; 0 V                 ; -                  ; n/a           ; n/a             ; n/a         ;
; hex2[5]        ; 2.5 V        ; 0 in              ; 0 H/in                  ; 0 F/in                  ; short         ; -                   ; open           ; open             ; open   ; 0 in             ; 0 H/in                 ; 0 F/in                 ; short        ; open          ; open            ; open  ; 0 V                 ; -                  ; n/a           ; n/a             ; n/a         ;
; hex2[6]        ; 2.5 V        ; 0 in              ; 0 H/in                  ; 0 F/in                  ; short         ; -                   ; open           ; open             ; open   ; 0 in             ; 0 H/in                 ; 0 F/in                 ; short        ; open          ; open            ; open  ; 0 V                 ; -                  ; n/a           ; n/a             ; n/a         ;
; hex3[0]        ; 2.5 V        ; 0 in              ; 0 H/in                  ; 0 F/in                  ; short         ; -                   ; open           ; open             ; open   ; 0 in             ; 0 H/in                 ; 0 F/in                 ; short        ; open          ; open            ; open  ; 0 V                 ; -                  ; n/a           ; n/a             ; n/a         ;
; hex3[1]        ; 2.5 V        ; 0 in              ; 0 H/in                  ; 0 F/in                  ; short         ; -                   ; open           ; open             ; open   ; 0 in             ; 0 H/in                 ; 0 F/in                 ; short        ; open          ; open            ; open  ; 0 V                 ; -                  ; n/a           ; n/a             ; n/a         ;
; hex3[2]        ; 2.5 V        ; 0 in              ; 0 H/in                  ; 0 F/in                  ; short         ; -                   ; open           ; open             ; open   ; 0 in             ; 0 H/in                 ; 0 F/in                 ; short        ; open          ; open            ; open  ; 0 V                 ; -                  ; n/a           ; n/a             ; n/a         ;
; hex3[3]        ; 2.5 V        ; 0 in              ; 0 H/in                  ; 0 F/in                  ; short         ; -                   ; open           ; open             ; open   ; 0 in             ; 0 H/in                 ; 0 F/in                 ; short        ; open          ; open            ; open  ; 0 V                 ; -                  ; n/a           ; n/a             ; n/a         ;
; hex3[4]        ; 2.5 V        ; 0 in              ; 0 H/in                  ; 0 F/in                  ; short         ; -                   ; open           ; open             ; open   ; 0 in             ; 0 H/in                 ; 0 F/in                 ; short        ; open          ; open            ; open  ; 0 V                 ; -                  ; n/a           ; n/a             ; n/a         ;
; hex3[5]        ; 2.5 V        ; 0 in              ; 0 H/in                  ; 0 F/in                  ; short         ; -                   ; open           ; open             ; open   ; 0 in             ; 0 H/in                 ; 0 F/in                 ; short        ; open          ; open            ; open  ; 0 V                 ; -                  ; n/a           ; n/a             ; n/a         ;
; hex3[6]        ; 2.5 V        ; 0 in              ; 0 H/in                  ; 0 F/in                  ; short         ; -                   ; open           ; open             ; open   ; 0 in             ; 0 H/in                 ; 0 F/in                 ; short        ; open          ; open            ; open  ; 0 V                 ; -                  ; n/a           ; n/a             ; n/a         ;
; dbg_phasedone  ; 2.5 V        ; 0 in              ; 0 H/in                  ; 0 F/in                  ; short         ; -                   ; open           ; open             ; open   ; 0 in             ; 0 H/in                 ; 0 F/in                 ; short        ; open          ; open            ; open  ; 0 V                 ; -                  ; n/a           ; n/a             ; n/a         ;
; dbg_idle       ; 2.5 V        ; 0 in              ; 0 H/in                  ; 0 F/in                  ; short         ; -                   ; open           ; open             ; open   ; 0 in             ; 0 H/in                 ; 0 F/in                 ; short        ; open          ; open            ; open  ; 0 V                 ; -                  ; n/a           ; n/a             ; n/a         ;
; dbg_step       ; 2.5 V        ; 0 in              ; 0 H/in                  ; 0 F/in                  ; short         ; -                   ; open           ; open             ; open   ; 0 in             ; 0 H/in                 ; 0 F/in                 ; short        ; open          ; open            ; open  ; 0 V                 ; -                  ; n/a           ; n/a             ; n/a         ;
; dbg_wait_low   ; 2.5 V        ; 0 in              ; 0 H/in                  ; 0 F/in                  ; short         ; -                   ; open           ; open             ; open   ; 0 in             ; 0 H/in                 ; 0 F/in                 ; short        ; open          ; open            ; open  ; 0 V                 ; -                  ; n/a           ; n/a             ; n/a         ;
; dbg_wait_high  ; 2.5 V        ; 0 in              ; 0 H/in                  ; 0 F/in                  ; short         ; -                   ; open           ; open             ; open   ; 0 in             ; 0 H/in                 ; 0 F/in                 ; short        ; open          ; open            ; open  ; 0 V                 ; -                  ; n/a           ; n/a             ; n/a         ;
; dbg_done       ; 2.5 V        ; 0 in              ; 0 H/in                  ; 0 F/in                  ; short         ; -                   ; open           ; open             ; open   ; 0 in             ; 0 H/in                 ; 0 F/in                 ; short        ; open          ; open            ; open  ; 0 V                 ; -                  ; n/a           ; n/a             ; n/a         ;
; dbg_alarm_sync ; 2.5 V        ; 0 in              ; 0 H/in                  ; 0 F/in                  ; short         ; -                   ; open           ; open             ; open   ; 0 in             ; 0 H/in                 ; 0 F/in                 ; short        ; open          ; open            ; open  ; 0 V                 ; -                  ; n/a           ; n/a             ; n/a         ;
; ~ALTERA_TDO~   ; 2.5 V        ; 0 in              ; 0 H/in                  ; 0 F/in                  ; short         ; -                   ; open           ; open             ; open   ; 0 in             ; 0 H/in                 ; 0 F/in                 ; short        ; open          ; open            ; open  ; 0 V                 ; -                  ; n/a           ; n/a             ; n/a         ;
+----------------+--------------+-------------------+-------------------------+-------------------------+---------------+---------------------+----------------+------------------+--------+------------------+------------------------+------------------------+--------------+---------------+-----------------+-------+---------------------+--------------------+---------------+-----------------+-------------+


+---------------------------------------------------------------------------------+
; Input Transition Times                                                          ;
+---------------------+-----------------------+-----------------+-----------------+
; Pin                 ; I/O Standard          ; 10-90 Rise Time ; 90-10 Fall Time ;
+---------------------+-----------------------+-----------------+-----------------+
; cpu_resetn          ; 3.3-V LVTTL           ; 2640 ps         ; 2640 ps         ;
; clk50               ; 3.3-V LVTTL           ; 2640 ps         ; 2640 ps         ;
; ~ALTERA_TMS~        ; 2.5 V Schmitt Trigger ; 2000 ps         ; 2000 ps         ;
; ~ALTERA_TCK~        ; 2.5 V Schmitt Trigger ; 2000 ps         ; 2000 ps         ;
; ~ALTERA_TDI~        ; 2.5 V Schmitt Trigger ; 2000 ps         ; 2000 ps         ;
; ~ALTERA_CONFIG_SEL~ ; 2.5 V                 ; 2000 ps         ; 2000 ps         ;
; ~ALTERA_nCONFIG~    ; 2.5 V Schmitt Trigger ; 2000 ps         ; 2000 ps         ;
; ~ALTERA_nSTATUS~    ; 2.5 V Schmitt Trigger ; 2000 ps         ; 2000 ps         ;
; ~ALTERA_CONF_DONE~  ; 2.5 V Schmitt Trigger ; 2000 ps         ; 2000 ps         ;
+---------------------+-----------------------+-----------------+-----------------+


+---------------------------------------------------------------------------------------------------------------------------------------------------------------------------------------------------------------------------------------------------------------------------------------------------------------------------------------------------------------------------------------------------------------------------------------------------------------------------------------------------------------------------------------------------------------------------------------------------------------------------------------------------------------------------------------------+
; Signal Integrity Metrics (Slow 1200mv 0c Model)                                                                                                                                                                                                                                                                                                                                                                                                                                                                                                                                                                                                                                             ;
+----------------+--------------+---------------------+---------------------+------------------------------+------------------------------+---------------------+---------------------+--------------------------------------+--------------------------------------+-----------------------------+-----------------------------+----------------------------+----------------------------+-----------------------------+-----------------------------+--------------------+--------------------+-------------------------------------+-------------------------------------+----------------------------+----------------------------+---------------------------+---------------------------+
; Pin            ; I/O Standard ; Board Delay on Rise ; Board Delay on Fall ; Steady State Voh at FPGA Pin ; Steady State Vol at FPGA Pin ; Voh Max at FPGA Pin ; Vol Min at FPGA Pin ; Ringback Voltage on Rise at FPGA Pin ; Ringback Voltage on Fall at FPGA Pin ; 10-90 Rise Time at FPGA Pin ; 90-10 Fall Time at FPGA Pin ; Monotonic Rise at FPGA Pin ; Monotonic Fall at FPGA Pin ; Steady State Voh at Far-end ; Steady State Vol at Far-end ; Voh Max at Far-end ; Vol Min at Far-end ; Ringback Voltage on Rise at Far-end ; Ringback Voltage on Fall at Far-end ; 10-90 Rise Time at Far-end ; 90-10 Fall Time at Far-end ; Monotonic Rise at Far-end ; Monotonic Fall at Far-end ;
+----------------+--------------+---------------------+---------------------+------------------------------+------------------------------+---------------------+---------------------+--------------------------------------+--------------------------------------+-----------------------------+-----------------------------+----------------------------+----------------------------+-----------------------------+-----------------------------+--------------------+--------------------+-------------------------------------+-------------------------------------+----------------------------+----------------------------+---------------------------+---------------------------+
; alarm          ; 2.5 V        ; 0 s                 ; 0 s                 ; 2.32 V                       ; 8.25e-09 V                   ; 2.41 V              ; -0.0871 V           ; 0.291 V                              ; 0.138 V                              ; 3.15e-10 s                  ; 4.16e-10 s                  ; No                         ; Yes                        ; 2.32 V                      ; 8.25e-09 V                  ; 2.41 V             ; -0.0871 V          ; 0.291 V                             ; 0.138 V                             ; 3.15e-10 s                 ; 4.16e-10 s                 ; No                        ; Yes                       ;
; pll_locked     ; 2.5 V        ; 0 s                 ; 0 s                 ; 2.32 V                       ; 8.25e-09 V                   ; 2.41 V              ; -0.0859 V           ; 0.289 V                              ; 0.136 V                              ; 3.15e-10 s                  ; 4.16e-10 s                  ; No                         ; Yes                        ; 2.32 V                      ; 8.25e-09 V                  ; 2.41 V             ; -0.0859 V          ; 0.289 V                             ; 0.136 V                             ; 3.15e-10 s                 ; 4.16e-10 s                 ; No                        ; Yes                       ;
; calibrated     ; 2.5 V        ; 0 s                 ; 0 s                 ; 2.32 V                       ; 8.25e-09 V                   ; 2.41 V              ; -0.0859 V           ; 0.289 V                              ; 0.136 V                              ; 3.15e-10 s                  ; 4.16e-10 s                  ; No                         ; Yes                        ; 2.32 V                      ; 8.25e-09 V                  ; 2.41 V             ; -0.0859 V          ; 0.289 V                             ; 0.136 V                             ; 3.15e-10 s                 ; 4.16e-10 s                 ; No                        ; Yes                       ;
; uart_txd       ; 2.5 V        ; 0 s                 ; 0 s                 ; 2.32 V                       ; 8.26e-09 V                   ; 2.4 V               ; -0.0773 V           ; 0.156 V                              ; 0.166 V                              ; 4.55e-10 s                  ; 4.33e-10 s                  ; No                         ; Yes                        ; 2.32 V                      ; 8.26e-09 V                  ; 2.4 V              ; -0.0773 V          ; 0.156 V                             ; 0.166 V                             ; 4.55e-10 s                 ; 4.33e-10 s                 ; No                        ; Yes                       ;
; hex0[0]        ; 2.5 V        ; 0 s                 ; 0 s                 ; 2.32 V                       ; 8.25e-09 V                   ; 2.41 V              ; -0.0871 V           ; 0.291 V                              ; 0.138 V                              ; 3.15e-10 s                  ; 4.16e-10 s                  ; No                         ; Yes                        ; 2.32 V                      ; 8.25e-09 V                  ; 2.41 V             ; -0.0871 V          ; 0.291 V                             ; 0.138 V                             ; 3.15e-10 s                 ; 4.16e-10 s                 ; No                        ; Yes                       ;
; hex0[1]        ; 2.5 V        ; 0 s                 ; 0 s                 ; 2.32 V                       ; 8.25e-09 V                   ; 2.41 V              ; -0.0859 V           ; 0.289 V                              ; 0.136 V                              ; 3.15e-10 s                  ; 4.16e-10 s                  ; No                         ; Yes                        ; 2.32 V                      ; 8.25e-09 V                  ; 2.41 V             ; -0.0859 V          ; 0.289 V                             ; 0.136 V                             ; 3.15e-10 s                 ; 4.16e-10 s                 ; No                        ; Yes                       ;
; hex0[2]        ; 2.5 V        ; 0 s                 ; 0 s                 ; 2.32 V                       ; 8.25e-09 V                   ; 2.41 V              ; -0.0859 V           ; 0.289 V                              ; 0.136 V                              ; 3.15e-10 s                  ; 4.16e-10 s                  ; No                         ; Yes                        ; 2.32 V                      ; 8.25e-09 V                  ; 2.41 V             ; -0.0859 V          ; 0.289 V                             ; 0.136 V                             ; 3.15e-10 s                 ; 4.16e-10 s                 ; No                        ; Yes                       ;
; hex0[3]        ; 2.5 V        ; 0 s                 ; 0 s                 ; 2.32 V                       ; 8.25e-09 V                   ; 2.41 V              ; -0.0871 V           ; 0.291 V                              ; 0.138 V                              ; 3.15e-10 s                  ; 4.16e-10 s                  ; No                         ; Yes                        ; 2.32 V                      ; 8.25e-09 V                  ; 2.41 V             ; -0.0871 V          ; 0.291 V                             ; 0.138 V                             ; 3.15e-10 s                 ; 4.16e-10 s                 ; No                        ; Yes                       ;
; hex0[4]        ; 2.5 V        ; 0 s                 ; 0 s                 ; 2.32 V                       ; 8.25e-09 V                   ; 2.41 V              ; -0.0871 V           ; 0.291 V                              ; 0.138 V                              ; 3.15e-10 s                  ; 4.16e-10 s                  ; No                         ; Yes                        ; 2.32 V                      ; 8.25e-09 V                  ; 2.41 V             ; -0.0871 V          ; 0.291 V                             ; 0.138 V                             ; 3.15e-10 s                 ; 4.16e-10 s                 ; No                        ; Yes                       ;
; hex0[5]        ; 2.5 V        ; 0 s                 ; 0 s                 ; 2.32 V                       ; 8.25e-09 V                   ; 2.41 V              ; -0.0871 V           ; 0.291 V                              ; 0.138 V                              ; 3.15e-10 s                  ; 4.16e-10 s                  ; No                         ; Yes                        ; 2.32 V                      ; 8.25e-09 V                  ; 2.41 V             ; -0.0871 V          ; 0.291 V                             ; 0.138 V                             ; 3.15e-10 s                 ; 4.16e-10 s                 ; No                        ; Yes                       ;
; hex0[6]        ; 2.5 V        ; 0 s                 ; 0 s                 ; 2.32 V                       ; 8.25e-09 V                   ; 2.41 V              ; -0.0859 V           ; 0.289 V                              ; 0.136 V                              ; 3.15e-10 s                  ; 4.16e-10 s                  ; No                         ; Yes                        ; 2.32 V                      ; 8.25e-09 V                  ; 2.41 V             ; -0.0859 V          ; 0.289 V                             ; 0.136 V                             ; 3.15e-10 s                 ; 4.16e-10 s                 ; No                        ; Yes                       ;
; hex1[0]        ; 2.5 V        ; 0 s                 ; 0 s                 ; 2.32 V                       ; 8.25e-09 V                   ; 2.41 V              ; -0.0871 V           ; 0.291 V                              ; 0.138 V                              ; 3.15e-10 s                  ; 4.16e-10 s                  ; No                         ; Yes                        ; 2.32 V                      ; 8.25e-09 V                  ; 2.41 V             ; -0.0871 V          ; 0.291 V                             ; 0.138 V                             ; 3.15e-10 s                 ; 4.16e-10 s                 ; No                        ; Yes                       ;
; hex1[1]        ; 2.5 V        ; 0 s                 ; 0 s                 ; 2.32 V                       ; 8.25e-09 V                   ; 2.41 V              ; -0.0871 V           ; 0.291 V                              ; 0.138 V                              ; 3.15e-10 s                  ; 4.16e-10 s                  ; No                         ; Yes                        ; 2.32 V                      ; 8.25e-09 V                  ; 2.41 V             ; -0.0871 V          ; 0.291 V                             ; 0.138 V                             ; 3.15e-10 s                 ; 4.16e-10 s                 ; No                        ; Yes                       ;
; hex1[2]        ; 2.5 V        ; 0 s                 ; 0 s                 ; 2.32 V                       ; 8.25e-09 V                   ; 2.41 V              ; -0.0859 V           ; 0.289 V                              ; 0.136 V                              ; 3.15e-10 s                  ; 4.16e-10 s                  ; No                         ; Yes                        ; 2.32 V                      ; 8.25e-09 V                  ; 2.41 V             ; -0.0859 V          ; 0.289 V                             ; 0.136 V                             ; 3.15e-10 s                 ; 4.16e-10 s                 ; No                        ; Yes                       ;
; hex1[3]        ; 2.5 V        ; 0 s                 ; 0 s                 ; 2.32 V                       ; 8.25e-09 V                   ; 2.41 V              ; -0.0871 V           ; 0.291 V                              ; 0.138 V                              ; 3.15e-10 s                  ; 4.16e-10 s                  ; No                         ; Yes                        ; 2.32 V                      ; 8.25e-09 V                  ; 2.41 V             ; -0.0871 V          ; 0.291 V                             ; 0.138 V                             ; 3.15e-10 s                 ; 4.16e-10 s                 ; No                        ; Yes                       ;
; hex1[4]        ; 2.5 V        ; 0 s                 ; 0 s                 ; 2.32 V                       ; 8.25e-09 V                   ; 2.41 V              ; -0.0859 V           ; 0.289 V                              ; 0.136 V                              ; 3.15e-10 s                  ; 4.16e-10 s                  ; No                         ; Yes                        ; 2.32 V                      ; 8.25e-09 V                  ; 2.41 V             ; -0.0859 V          ; 0.289 V                             ; 0.136 V                             ; 3.15e-10 s                 ; 4.16e-10 s                 ; No                        ; Yes                       ;
; hex1[5]        ; 2.5 V        ; 0 s                 ; 0 s                 ; 2.32 V                       ; 8.25e-09 V                   ; 2.41 V              ; -0.0871 V           ; 0.291 V                              ; 0.138 V                              ; 3.15e-10 s                  ; 4.16e-10 s                  ; No                         ; Yes                        ; 2.32 V                      ; 8.25e-09 V                  ; 2.41 V             ; -0.0871 V          ; 0.291 V                             ; 0.138 V                             ; 3.15e-10 s                 ; 4.16e-10 s                 ; No                        ; Yes                       ;
; hex1[6]        ; 2.5 V        ; 0 s                 ; 0 s                 ; 2.32 V                       ; 8.25e-09 V                   ; 2.41 V              ; -0.0859 V           ; 0.289 V                              ; 0.136 V                              ; 3.15e-10 s                  ; 4.16e-10 s                  ; No                         ; Yes                        ; 2.32 V                      ; 8.25e-09 V                  ; 2.41 V             ; -0.0859 V          ; 0.289 V                             ; 0.136 V                             ; 3.15e-10 s                 ; 4.16e-10 s                 ; No                        ; Yes                       ;
; hex2[0]        ; 2.5 V        ; 0 s                 ; 0 s                 ; 2.32 V                       ; 8.25e-09 V                   ; 2.41 V              ; -0.0871 V           ; 0.291 V                              ; 0.138 V                              ; 3.15e-10 s                  ; 4.16e-10 s                  ; No                         ; Yes                        ; 2.32 V                      ; 8.25e-09 V                  ; 2.41 V             ; -0.0871 V          ; 0.291 V                             ; 0.138 V                             ; 3.15e-10 s                 ; 4.16e-10 s                 ; No                        ; Yes                       ;
; hex2[1]        ; 2.5 V        ; 0 s                 ; 0 s                 ; 2.32 V                       ; 8.25e-09 V                   ; 2.41 V              ; -0.0871 V           ; 0.291 V                              ; 0.138 V                              ; 3.15e-10 s                  ; 4.16e-10 s                  ; No                         ; Yes                        ; 2.32 V                      ; 8.25e-09 V                  ; 2.41 V             ; -0.0871 V          ; 0.291 V                             ; 0.138 V                             ; 3.15e-10 s                 ; 4.16e-10 s                 ; No                        ; Yes                       ;
; hex2[2]        ; 2.5 V        ; 0 s                 ; 0 s                 ; 2.32 V                       ; 8.25e-09 V                   ; 2.41 V              ; -0.0859 V           ; 0.289 V                              ; 0.136 V                              ; 3.15e-10 s                  ; 4.16e-10 s                  ; No                         ; Yes                        ; 2.32 V                      ; 8.25e-09 V                  ; 2.41 V             ; -0.0859 V          ; 0.289 V                             ; 0.136 V                             ; 3.15e-10 s                 ; 4.16e-10 s                 ; No                        ; Yes                       ;
; hex2[3]        ; 2.5 V        ; 0 s                 ; 0 s                 ; 2.32 V                       ; 8.25e-09 V                   ; 2.41 V              ; -0.0859 V           ; 0.289 V                              ; 0.136 V                              ; 3.15e-10 s                  ; 4.16e-10 s                  ; No                         ; Yes                        ; 2.32 V                      ; 8.25e-09 V                  ; 2.41 V             ; -0.0859 V          ; 0.289 V                             ; 0.136 V                             ; 3.15e-10 s                 ; 4.16e-10 s                 ; No                        ; Yes                       ;
; hex2[4]        ; 2.5 V        ; 0 s                 ; 0 s                 ; 2.32 V                       ; 8.25e-09 V                   ; 2.41 V              ; -0.0859 V           ; 0.289 V                              ; 0.136 V                              ; 3.15e-10 s                  ; 4.16e-10 s                  ; No                         ; Yes                        ; 2.32 V                      ; 8.25e-09 V                  ; 2.41 V             ; -0.0859 V          ; 0.289 V                             ; 0.136 V                             ; 3.15e-10 s                 ; 4.16e-10 s                 ; No                        ; Yes                       ;
; hex2[5]        ; 2.5 V        ; 0 s                 ; 0 s                 ; 2.32 V                       ; 8.25e-09 V                   ; 2.41 V              ; -0.0859 V           ; 0.289 V                              ; 0.136 V                              ; 3.15e-10 s                  ; 4.16e-10 s                  ; No                         ; Yes                        ; 2.32 V                      ; 8.25e-09 V                  ; 2.41 V             ; -0.0859 V          ; 0.289 V                             ; 0.136 V                             ; 3.15e-10 s                 ; 4.16e-10 s                 ; No                        ; Yes                       ;
; hex2[6]        ; 2.5 V        ; 0 s                 ; 0 s                 ; 2.32 V                       ; 8.25e-09 V                   ; 2.41 V              ; -0.0871 V           ; 0.291 V                              ; 0.138 V                              ; 3.15e-10 s                  ; 4.16e-10 s                  ; No                         ; Yes                        ; 2.32 V                      ; 8.25e-09 V                  ; 2.41 V             ; -0.0871 V          ; 0.291 V                             ; 0.138 V                             ; 3.15e-10 s                 ; 4.16e-10 s                 ; No                        ; Yes                       ;
; hex3[0]        ; 2.5 V        ; 0 s                 ; 0 s                 ; 2.32 V                       ; 8.25e-09 V                   ; 2.41 V              ; -0.0871 V           ; 0.291 V                              ; 0.138 V                              ; 3.15e-10 s                  ; 4.16e-10 s                  ; No                         ; Yes                        ; 2.32 V                      ; 8.25e-09 V                  ; 2.41 V             ; -0.0871 V          ; 0.291 V                             ; 0.138 V                             ; 3.15e-10 s                 ; 4.16e-10 s                 ; No                        ; Yes                       ;
; hex3[1]        ; 2.5 V        ; 0 s                 ; 0 s                 ; 2.32 V                       ; 8.25e-09 V                   ; 2.41 V              ; -0.0871 V           ; 0.291 V                              ; 0.138 V                              ; 3.15e-10 s                  ; 4.16e-10 s                  ; No                         ; Yes                        ; 2.32 V                      ; 8.25e-09 V                  ; 2.41 V             ; -0.0871 V          ; 0.291 V                             ; 0.138 V                             ; 3.15e-10 s                 ; 4.16e-10 s                 ; No                        ; Yes                       ;
; hex3[2]        ; 2.5 V        ; 0 s                 ; 0 s                 ; 2.32 V                       ; 8.25e-09 V                   ; 2.41 V              ; -0.0859 V           ; 0.289 V                              ; 0.136 V                              ; 3.15e-10 s                  ; 4.16e-10 s                  ; No                         ; Yes                        ; 2.32 V                      ; 8.25e-09 V                  ; 2.41 V             ; -0.0859 V          ; 0.289 V                             ; 0.136 V                             ; 3.15e-10 s                 ; 4.16e-10 s                 ; No                        ; Yes                       ;
; hex3[3]        ; 2.5 V        ; 0 s                 ; 0 s                 ; 2.32 V                       ; 8.25e-09 V                   ; 2.41 V              ; -0.0871 V           ; 0.291 V                              ; 0.138 V                              ; 3.15e-10 s                  ; 4.16e-10 s                  ; No                         ; Yes                        ; 2.32 V                      ; 8.25e-09 V                  ; 2.41 V             ; -0.0871 V          ; 0.291 V                             ; 0.138 V                             ; 3.15e-10 s                 ; 4.16e-10 s                 ; No                        ; Yes                       ;
; hex3[4]        ; 2.5 V        ; 0 s                 ; 0 s                 ; 2.32 V                       ; 8.25e-09 V                   ; 2.41 V              ; -0.0871 V           ; 0.291 V                              ; 0.138 V                              ; 3.15e-10 s                  ; 4.16e-10 s                  ; No                         ; Yes                        ; 2.32 V                      ; 8.25e-09 V                  ; 2.41 V             ; -0.0871 V          ; 0.291 V                             ; 0.138 V                             ; 3.15e-10 s                 ; 4.16e-10 s                 ; No                        ; Yes                       ;
; hex3[5]        ; 2.5 V        ; 0 s                 ; 0 s                 ; 2.32 V                       ; 8.25e-09 V                   ; 2.41 V              ; -0.0859 V           ; 0.289 V                              ; 0.136 V                              ; 3.15e-10 s                  ; 4.16e-10 s                  ; No                         ; Yes                        ; 2.32 V                      ; 8.25e-09 V                  ; 2.41 V             ; -0.0859 V          ; 0.289 V                             ; 0.136 V                             ; 3.15e-10 s                 ; 4.16e-10 s                 ; No                        ; Yes                       ;
; hex3[6]        ; 2.5 V        ; 0 s                 ; 0 s                 ; 2.32 V                       ; 8.25e-09 V                   ; 2.41 V              ; -0.0859 V           ; 0.289 V                              ; 0.136 V                              ; 3.15e-10 s                  ; 4.16e-10 s                  ; No                         ; Yes                        ; 2.32 V                      ; 8.25e-09 V                  ; 2.41 V             ; -0.0859 V          ; 0.289 V                             ; 0.136 V                             ; 3.15e-10 s                 ; 4.16e-10 s                 ; No                        ; Yes                       ;
; dbg_phasedone  ; 2.5 V        ; 0 s                 ; 0 s                 ; 2.32 V                       ; 8.25e-09 V                   ; 2.41 V              ; -0.0871 V           ; 0.291 V                              ; 0.138 V                              ; 3.15e-10 s                  ; 4.16e-10 s                  ; No                         ; Yes                        ; 2.32 V                      ; 8.25e-09 V                  ; 2.41 V             ; -0.0871 V          ; 0.291 V                             ; 0.138 V                             ; 3.15e-10 s                 ; 4.16e-10 s                 ; No                        ; Yes                       ;
; dbg_idle       ; 2.5 V        ; 0 s                 ; 0 s                 ; 2.32 V                       ; 8.25e-09 V                   ; 2.41 V              ; -0.0859 V           ; 0.289 V                              ; 0.136 V                              ; 3.15e-10 s                  ; 4.16e-10 s                  ; No                         ; Yes                        ; 2.32 V                      ; 8.25e-09 V                  ; 2.41 V             ; -0.0859 V          ; 0.289 V                             ; 0.136 V                             ; 3.15e-10 s                 ; 4.16e-10 s                 ; No                        ; Yes                       ;
; dbg_step       ; 2.5 V        ; 0 s                 ; 0 s                 ; 2.32 V                       ; 8.25e-09 V                   ; 2.41 V              ; -0.0859 V           ; 0.289 V                              ; 0.136 V                              ; 3.15e-10 s                  ; 4.16e-10 s                  ; No                         ; Yes                        ; 2.32 V                      ; 8.25e-09 V                  ; 2.41 V             ; -0.0859 V          ; 0.289 V                             ; 0.136 V                             ; 3.15e-10 s                 ; 4.16e-10 s                 ; No                        ; Yes                       ;
; dbg_wait_low   ; 2.5 V        ; 0 s                 ; 0 s                 ; 2.32 V                       ; 8.25e-09 V                   ; 2.41 V              ; -0.0859 V           ; 0.289 V                              ; 0.136 V                              ; 3.15e-10 s                  ; 4.16e-10 s                  ; No                         ; Yes                        ; 2.32 V                      ; 8.25e-09 V                  ; 2.41 V             ; -0.0859 V          ; 0.289 V                             ; 0.136 V                             ; 3.15e-10 s                 ; 4.16e-10 s                 ; No                        ; Yes                       ;
; dbg_wait_high  ; 2.5 V        ; 0 s                 ; 0 s                 ; 2.32 V                       ; 8.25e-09 V                   ; 2.41 V              ; -0.0871 V           ; 0.291 V                              ; 0.138 V                              ; 3.15e-10 s                  ; 4.16e-10 s                  ; No                         ; Yes                        ; 2.32 V                      ; 8.25e-09 V                  ; 2.41 V             ; -0.0871 V          ; 0.291 V                             ; 0.138 V                             ; 3.15e-10 s                 ; 4.16e-10 s                 ; No                        ; Yes                       ;
; dbg_done       ; 2.5 V        ; 0 s                 ; 0 s                 ; 2.32 V                       ; 8.25e-09 V                   ; 2.41 V              ; -0.0871 V           ; 0.291 V                              ; 0.138 V                              ; 3.15e-10 s                  ; 4.16e-10 s                  ; No                         ; Yes                        ; 2.32 V                      ; 8.25e-09 V                  ; 2.41 V             ; -0.0871 V          ; 0.291 V                             ; 0.138 V                             ; 3.15e-10 s                 ; 4.16e-10 s                 ; No                        ; Yes                       ;
; dbg_alarm_sync ; 2.5 V        ; 0 s                 ; 0 s                 ; 2.32 V                       ; 8.25e-09 V                   ; 2.41 V              ; -0.0859 V           ; 0.289 V                              ; 0.136 V                              ; 3.15e-10 s                  ; 4.16e-10 s                  ; No                         ; Yes                        ; 2.32 V                      ; 8.25e-09 V                  ; 2.41 V             ; -0.0859 V          ; 0.289 V                             ; 0.136 V                             ; 3.15e-10 s                 ; 4.16e-10 s                 ; No                        ; Yes                       ;
; ~ALTERA_TDO~   ; 2.5 V        ; 0 s                 ; 0 s                 ; 2.32 V                       ; 1.39e-08 V                   ; 2.39 V              ; -0.0409 V           ; 0.21 V                               ; 0.121 V                              ; 4.7e-10 s                   ; 5.93e-10 s                  ; No                         ; Yes                        ; 2.32 V                      ; 1.39e-08 V                  ; 2.39 V             ; -0.0409 V          ; 0.21 V                              ; 0.121 V                             ; 4.7e-10 s                  ; 5.93e-10 s                 ; No                        ; Yes                       ;
+----------------+--------------+---------------------+---------------------+------------------------------+------------------------------+---------------------+---------------------+--------------------------------------+--------------------------------------+-----------------------------+-----------------------------+----------------------------+----------------------------+-----------------------------+-----------------------------+--------------------+--------------------+-------------------------------------+-------------------------------------+----------------------------+----------------------------+---------------------------+---------------------------+


+---------------------------------------------------------------------------------------------------------------------------------------------------------------------------------------------------------------------------------------------------------------------------------------------------------------------------------------------------------------------------------------------------------------------------------------------------------------------------------------------------------------------------------------------------------------------------------------------------------------------------------------------------------------------------------------------+
; Signal Integrity Metrics (Slow 1200mv 85c Model)                                                                                                                                                                                                                                                                                                                                                                                                                                                                                                                                                                                                                                            ;
+----------------+--------------+---------------------+---------------------+------------------------------+------------------------------+---------------------+---------------------+--------------------------------------+--------------------------------------+-----------------------------+-----------------------------+----------------------------+----------------------------+-----------------------------+-----------------------------+--------------------+--------------------+-------------------------------------+-------------------------------------+----------------------------+----------------------------+---------------------------+---------------------------+
; Pin            ; I/O Standard ; Board Delay on Rise ; Board Delay on Fall ; Steady State Voh at FPGA Pin ; Steady State Vol at FPGA Pin ; Voh Max at FPGA Pin ; Vol Min at FPGA Pin ; Ringback Voltage on Rise at FPGA Pin ; Ringback Voltage on Fall at FPGA Pin ; 10-90 Rise Time at FPGA Pin ; 90-10 Fall Time at FPGA Pin ; Monotonic Rise at FPGA Pin ; Monotonic Fall at FPGA Pin ; Steady State Voh at Far-end ; Steady State Vol at Far-end ; Voh Max at Far-end ; Vol Min at Far-end ; Ringback Voltage on Rise at Far-end ; Ringback Voltage on Fall at Far-end ; 10-90 Rise Time at Far-end ; 90-10 Fall Time at Far-end ; Monotonic Rise at Far-end ; Monotonic Fall at Far-end ;
+----------------+--------------+---------------------+---------------------+------------------------------+------------------------------+---------------------+---------------------+--------------------------------------+--------------------------------------+-----------------------------+-----------------------------+----------------------------+----------------------------+-----------------------------+-----------------------------+--------------------+--------------------+-------------------------------------+-------------------------------------+----------------------------+----------------------------+---------------------------+---------------------------+
; alarm          ; 2.5 V        ; 0 s                 ; 0 s                 ; 2.32 V                       ; 1.16e-06 V                   ; 2.37 V              ; -0.0508 V           ; 0.153 V                              ; 0.187 V                              ; 4.63e-10 s                  ; 4.49e-10 s                  ; Yes                        ; Yes                        ; 2.32 V                      ; 1.16e-06 V                  ; 2.37 V             ; -0.0508 V          ; 0.153 V                             ; 0.187 V                             ; 4.63e-10 s                 ; 4.49e-10 s                 ; Yes                       ; Yes                       ;
; pll_locked     ; 2.5 V        ; 0 s                 ; 0 s                 ; 2.32 V                       ; 1.16e-06 V                   ; 2.37 V              ; -0.049 V            ; 0.154 V                              ; 0.186 V                              ; 4.63e-10 s                  ; 4.5e-10 s                   ; Yes                        ; Yes                        ; 2.32 V                      ; 1.16e-06 V                  ; 2.37 V             ; -0.049 V           ; 0.154 V                             ; 0.186 V                             ; 4.63e-10 s                 ; 4.5e-10 s                  ; Yes                       ; Yes                       ;
; calibrated     ; 2.5 V        ; 0 s                 ; 0 s                 ; 2.32 V                       ; 1.16e-06 V                   ; 2.37 V              ; -0.049 V            ; 0.154 V                              ; 0.186 V                              ; 4.63e-10 s                  ; 4.5e-10 s                   ; Yes                        ; Yes                        ; 2.32 V                      ; 1.16e-06 V                  ; 2.37 V             ; -0.049 V           ; 0.154 V                             ; 0.186 V                             ; 4.63e-10 s                 ; 4.5e-10 s                  ; Yes                       ; Yes                       ;
; uart_txd       ; 2.5 V        ; 0 s                 ; 0 s                 ; 2.32 V                       ; 1.16e-06 V                   ; 2.37 V              ; -0.0449 V           ; 0.201 V                              ; 0.093 V                              ; 4.89e-10 s                  ; 5.81e-10 s                  ; Yes                        ; No                         ; 2.32 V                      ; 1.16e-06 V                  ; 2.37 V             ; -0.0449 V          ; 0.201 V                             ; 0.093 V                             ; 4.89e-10 s                 ; 5.81e-10 s                 ; Yes                       ; No                        ;
; hex0[0]        ; 2.5 V        ; 0 s                 ; 0 s                 ; 2.32 V                       ; 1.16e-06 V                   ; 2.37 V              ; -0.0508 V           ; 0.153 V                              ; 0.187 V                              ; 4.63e-10 s                  ; 4.49e-10 s                  ; Yes                        ; Yes                        ; 2.32 V                      ; 1.16e-06 V                  ; 2.37 V             ; -0.0508 V          ; 0.153 V                             ; 0.187 V                             ; 4.63e-10 s                 ; 4.49e-10 s                 ; Yes                       ; Yes                       ;
; hex0[1]        ; 2.5 V        ; 0 s                 ; 0 s                 ; 2.32 V                       ; 1.16e-06 V                   ; 2.37 V              ; -0.049 V            ; 0.154 V                              ; 0.186 V                              ; 4.63e-10 s                  ; 4.5e-10 s                   ; Yes                        ; Yes                        ; 2.32 V                      ; 1.16e-06 V                  ; 2.37 V             ; -0.049 V           ; 0.154 V                             ; 0.186 V                             ; 4.63e-10 s                 ; 4.5e-10 s                  ; Yes                       ; Yes                       ;
; hex0[2]        ; 2.5 V        ; 0 s                 ; 0 s                 ; 2.32 V                       ; 1.16e-06 V                   ; 2.37 V              ; -0.049 V            ; 0.154 V                              ; 0.186 V                              ; 4.63e-10 s                  ; 4.5e-10 s                   ; Yes                        ; Yes                        ; 2.32 V                      ; 1.16e-06 V                  ; 2.37 V             ; -0.049 V           ; 0.154 V                             ; 0.186 V                             ; 4.63e-10 s                 ; 4.5e-10 s                  ; Yes                       ; Yes                       ;
; hex0[3]        ; 2.5 V        ; 0 s                 ; 0 s                 ; 2.32 V                       ; 1.16e-06 V                   ; 2.37 V              ; -0.0508 V           ; 0.153 V                              ; 0.187 V                              ; 4.63e-10 s                  ; 4.49e-10 s                  ; Yes                        ; Yes                        ; 2.32 V                      ; 1.16e-06 V                  ; 2.37 V             ; -0.0508 V          ; 0.153 V                             ; 0.187 V                             ; 4.63e-10 s                 ; 4.49e-10 s                 ; Yes                       ; Yes                       ;
; hex0[4]        ; 2.5 V        ; 0 s                 ; 0 s                 ; 2.32 V                       ; 1.16e-06 V                   ; 2.37 V              ; -0.0508 V           ; 0.153 V                              ; 0.187 V                              ; 4.63e-10 s                  ; 4.49e-10 s                  ; Yes                        ; Yes                        ; 2.32 V                      ; 1.16e-06 V                  ; 2.37 V             ; -0.0508 V          ; 0.153 V                             ; 0.187 V                             ; 4.63e-10 s                 ; 4.49e-10 s                 ; Yes                       ; Yes                       ;
; hex0[5]        ; 2.5 V        ; 0 s                 ; 0 s                 ; 2.32 V                       ; 1.16e-06 V                   ; 2.37 V              ; -0.0508 V           ; 0.153 V                              ; 0.187 V                              ; 4.63e-10 s                  ; 4.49e-10 s                  ; Yes                        ; Yes                        ; 2.32 V                      ; 1.16e-06 V                  ; 2.37 V             ; -0.0508 V          ; 0.153 V                             ; 0.187 V                             ; 4.63e-10 s                 ; 4.49e-10 s                 ; Yes                       ; Yes                       ;
; hex0[6]        ; 2.5 V        ; 0 s                 ; 0 s                 ; 2.32 V                       ; 1.16e-06 V                   ; 2.37 V              ; -0.049 V            ; 0.154 V                              ; 0.186 V                              ; 4.63e-10 s                  ; 4.5e-10 s                   ; Yes                        ; Yes                        ; 2.32 V                      ; 1.16e-06 V                  ; 2.37 V             ; -0.049 V           ; 0.154 V                             ; 0.186 V                             ; 4.63e-10 s                 ; 4.5e-10 s                  ; Yes                       ; Yes                       ;
; hex1[0]        ; 2.5 V        ; 0 s                 ; 0 s                 ; 2.32 V                       ; 1.16e-06 V                   ; 2.37 V              ; -0.0508 V           ; 0.153 V                              ; 0.187 V                              ; 4.63e-10 s                  ; 4.49e-10 s                  ; Yes                        ; Yes                        ; 2.32 V                      ; 1.16e-06 V                  ; 2.37 V             ; -0.0508 V          ; 0.153 V                             ; 0.187 V                             ; 4.63e-10 s                 ; 4.49e-10 s                 ; Yes                       ; Yes                       ;
; hex1[1]        ; 2.5 V        ; 0 s                 ; 0 s                 ; 2.32 V                       ; 1.16e-06 V                   ; 2.37 V              ; -0.0508 V           ; 0.153 V                              ; 0.187 V                              ; 4.63e-10 s                  ; 4.49e-10 s                  ; Yes                        ; Yes                        ; 2.32 V                      ; 1.16e-06 V                  ; 2.37 V             ; -0.0508 V          ; 0.153 V                             ; 0.187 V                             ; 4.63e-10 s                 ; 4.49e-10 s                 ; Yes                       ; Yes                       ;
; hex1[2]        ; 2.5 V        ; 0 s                 ; 0 s                 ; 2.32 V                       ; 1.16e-06 V                   ; 2.37 V              ; -0.049 V            ; 0.154 V                              ; 0.186 V                              ; 4.63e-10 s                  ; 4.5e-10 s                   ; Yes                        ; Yes                        ; 2.32 V                      ; 1.16e-06 V                  ; 2.37 V             ; -0.049 V           ; 0.154 V                             ; 0.186 V                             ; 4.63e-10 s                 ; 4.5e-10 s                  ; Yes                       ; Yes                       ;
; hex1[3]        ; 2.5 V        ; 0 s                 ; 0 s                 ; 2.32 V                       ; 1.16e-06 V                   ; 2.37 V              ; -0.0508 V           ; 0.153 V                              ; 0.187 V                              ; 4.63e-10 s                  ; 4.49e-10 s                  ; Yes                        ; Yes                        ; 2.32 V                      ; 1.16e-06 V                  ; 2.37 V             ; -0.0508 V          ; 0.153 V                             ; 0.187 V                             ; 4.63e-10 s                 ; 4.49e-10 s                 ; Yes                       ; Yes                       ;
; hex1[4]        ; 2.5 V        ; 0 s                 ; 0 s                 ; 2.32 V                       ; 1.16e-06 V                   ; 2.37 V              ; -0.049 V            ; 0.154 V                              ; 0.186 V                              ; 4.63e-10 s                  ; 4.5e-10 s                   ; Yes                        ; Yes                        ; 2.32 V                      ; 1.16e-06 V                  ; 2.37 V             ; -0.049 V           ; 0.154 V                             ; 0.186 V                             ; 4.63e-10 s                 ; 4.5e-10 s                  ; Yes                       ; Yes                       ;
; hex1[5]        ; 2.5 V        ; 0 s                 ; 0 s                 ; 2.32 V                       ; 1.16e-06 V                   ; 2.37 V              ; -0.0508 V           ; 0.153 V                              ; 0.187 V                              ; 4.63e-10 s                  ; 4.49e-10 s                  ; Yes                        ; Yes                        ; 2.32 V                      ; 1.16e-06 V                  ; 2.37 V             ; -0.0508 V          ; 0.153 V                             ; 0.187 V                             ; 4.63e-10 s                 ; 4.49e-10 s                 ; Yes                       ; Yes                       ;
; hex1[6]        ; 2.5 V        ; 0 s                 ; 0 s                 ; 2.32 V                       ; 1.16e-06 V                   ; 2.37 V              ; -0.049 V            ; 0.154 V                              ; 0.186 V                              ; 4.63e-10 s                  ; 4.5e-10 s                   ; Yes                        ; Yes                        ; 2.32 V                      ; 1.16e-06 V                  ; 2.37 V             ; -0.049 V           ; 0.154 V                             ; 0.186 V                             ; 4.63e-10 s                 ; 4.5e-10 s                  ; Yes                       ; Yes                       ;
; hex2[0]        ; 2.5 V        ; 0 s                 ; 0 s                 ; 2.32 V                       ; 1.16e-06 V                   ; 2.37 V              ; -0.0508 V           ; 0.153 V                              ; 0.187 V                              ; 4.63e-10 s                  ; 4.49e-10 s                  ; Yes                        ; Yes                        ; 2.32 V                      ; 1.16e-06 V                  ; 2.37 V             ; -0.0508 V          ; 0.153 V                             ; 0.187 V                             ; 4.63e-10 s                 ; 4.49e-10 s                 ; Yes                       ; Yes                       ;
; hex2[1]        ; 2.5 V        ; 0 s                 ; 0 s                 ; 2.32 V                       ; 1.16e-06 V                   ; 2.37 V              ; -0.0508 V           ; 0.153 V                              ; 0.187 V                              ; 4.63e-10 s                  ; 4.49e-10 s                  ; Yes                        ; Yes                        ; 2.32 V                      ; 1.16e-06 V                  ; 2.37 V             ; -0.0508 V          ; 0.153 V                             ; 0.187 V                             ; 4.63e-10 s                 ; 4.49e-10 s                 ; Yes                       ; Yes                       ;
; hex2[2]        ; 2.5 V        ; 0 s                 ; 0 s                 ; 2.32 V                       ; 1.16e-06 V                   ; 2.37 V              ; -0.049 V            ; 0.154 V                              ; 0.186 V                              ; 4.63e-10 s                  ; 4.5e-10 s                   ; Yes                        ; Yes                        ; 2.32 V                      ; 1.16e-06 V                  ; 2.37 V             ; -0.049 V           ; 0.154 V                             ; 0.186 V                             ; 4.63e-10 s                 ; 4.5e-10 s                  ; Yes                       ; Yes                       ;
; hex2[3]        ; 2.5 V        ; 0 s                 ; 0 s                 ; 2.32 V                       ; 1.16e-06 V                   ; 2.37 V              ; -0.049 V            ; 0.154 V                              ; 0.186 V                              ; 4.63e-10 s                  ; 4.5e-10 s                   ; Yes                        ; Yes                        ; 2.32 V                      ; 1.16e-06 V                  ; 2.37 V             ; -0.049 V           ; 0.154 V                             ; 0.186 V                             ; 4.63e-10 s                 ; 4.5e-10 s                  ; Yes                       ; Yes                       ;
; hex2[4]        ; 2.5 V        ; 0 s                 ; 0 s                 ; 2.32 V                       ; 1.16e-06 V                   ; 2.37 V              ; -0.049 V            ; 0.154 V                              ; 0.186 V                              ; 4.63e-10 s                  ; 4.5e-10 s                   ; Yes                        ; Yes                        ; 2.32 V                      ; 1.16e-06 V                  ; 2.37 V             ; -0.049 V           ; 0.154 V                             ; 0.186 V                             ; 4.63e-10 s                 ; 4.5e-10 s                  ; Yes                       ; Yes                       ;
; hex2[5]        ; 2.5 V        ; 0 s                 ; 0 s                 ; 2.32 V                       ; 1.16e-06 V                   ; 2.37 V              ; -0.049 V            ; 0.154 V                              ; 0.186 V                              ; 4.63e-10 s                  ; 4.5e-10 s                   ; Yes                        ; Yes                        ; 2.32 V                      ; 1.16e-06 V                  ; 2.37 V             ; -0.049 V           ; 0.154 V                             ; 0.186 V                             ; 4.63e-10 s                 ; 4.5e-10 s                  ; Yes                       ; Yes                       ;
; hex2[6]        ; 2.5 V        ; 0 s                 ; 0 s                 ; 2.32 V                       ; 1.16e-06 V                   ; 2.37 V              ; -0.0508 V           ; 0.153 V                              ; 0.187 V                              ; 4.63e-10 s                  ; 4.49e-10 s                  ; Yes                        ; Yes                        ; 2.32 V                      ; 1.16e-06 V                  ; 2.37 V             ; -0.0508 V          ; 0.153 V                             ; 0.187 V                             ; 4.63e-10 s                 ; 4.49e-10 s                 ; Yes                       ; Yes                       ;
; hex3[0]        ; 2.5 V        ; 0 s                 ; 0 s                 ; 2.32 V                       ; 1.16e-06 V                   ; 2.37 V              ; -0.0508 V           ; 0.153 V                              ; 0.187 V                              ; 4.63e-10 s                  ; 4.49e-10 s                  ; Yes                        ; Yes                        ; 2.32 V                      ; 1.16e-06 V                  ; 2.37 V             ; -0.0508 V          ; 0.153 V                             ; 0.187 V                             ; 4.63e-10 s                 ; 4.49e-10 s                 ; Yes                       ; Yes                       ;
; hex3[1]        ; 2.5 V        ; 0 s                 ; 0 s                 ; 2.32 V                       ; 1.16e-06 V                   ; 2.37 V              ; -0.0508 V           ; 0.153 V                              ; 0.187 V                              ; 4.63e-10 s                  ; 4.49e-10 s                  ; Yes                        ; Yes                        ; 2.32 V                      ; 1.16e-06 V                  ; 2.37 V             ; -0.0508 V          ; 0.153 V                             ; 0.187 V                             ; 4.63e-10 s                 ; 4.49e-10 s                 ; Yes                       ; Yes                       ;
; hex3[2]        ; 2.5 V        ; 0 s                 ; 0 s                 ; 2.32 V                       ; 1.16e-06 V                   ; 2.37 V              ; -0.049 V            ; 0.154 V                              ; 0.186 V                              ; 4.63e-10 s                  ; 4.5e-10 s                   ; Yes                        ; Yes                        ; 2.32 V                      ; 1.16e-06 V                  ; 2.37 V             ; -0.049 V           ; 0.154 V                             ; 0.186 V                             ; 4.63e-10 s                 ; 4.5e-10 s                  ; Yes                       ; Yes                       ;
; hex3[3]        ; 2.5 V        ; 0 s                 ; 0 s                 ; 2.32 V                       ; 1.16e-06 V                   ; 2.37 V              ; -0.0508 V           ; 0.153 V                              ; 0.187 V                              ; 4.63e-10 s                  ; 4.49e-10 s                  ; Yes                        ; Yes                        ; 2.32 V                      ; 1.16e-06 V                  ; 2.37 V             ; -0.0508 V          ; 0.153 V                             ; 0.187 V                             ; 4.63e-10 s                 ; 4.49e-10 s                 ; Yes                       ; Yes                       ;
; hex3[4]        ; 2.5 V        ; 0 s                 ; 0 s                 ; 2.32 V                       ; 1.16e-06 V                   ; 2.37 V              ; -0.0508 V           ; 0.153 V                              ; 0.187 V                              ; 4.63e-10 s                  ; 4.49e-10 s                  ; Yes                        ; Yes                        ; 2.32 V                      ; 1.16e-06 V                  ; 2.37 V             ; -0.0508 V          ; 0.153 V                             ; 0.187 V                             ; 4.63e-10 s                 ; 4.49e-10 s                 ; Yes                       ; Yes                       ;
; hex3[5]        ; 2.5 V        ; 0 s                 ; 0 s                 ; 2.32 V                       ; 1.16e-06 V                   ; 2.37 V              ; -0.049 V            ; 0.154 V                              ; 0.186 V                              ; 4.63e-10 s                  ; 4.5e-10 s                   ; Yes                        ; Yes                        ; 2.32 V                      ; 1.16e-06 V                  ; 2.37 V             ; -0.049 V           ; 0.154 V                             ; 0.186 V                             ; 4.63e-10 s                 ; 4.5e-10 s                  ; Yes                       ; Yes                       ;
; hex3[6]        ; 2.5 V        ; 0 s                 ; 0 s                 ; 2.32 V                       ; 1.16e-06 V                   ; 2.37 V              ; -0.049 V            ; 0.154 V                              ; 0.186 V                              ; 4.63e-10 s                  ; 4.5e-10 s                   ; Yes                        ; Yes                        ; 2.32 V                      ; 1.16e-06 V                  ; 2.37 V             ; -0.049 V           ; 0.154 V                             ; 0.186 V                             ; 4.63e-10 s                 ; 4.5e-10 s                  ; Yes                       ; Yes                       ;
; dbg_phasedone  ; 2.5 V        ; 0 s                 ; 0 s                 ; 2.32 V                       ; 1.16e-06 V                   ; 2.37 V              ; -0.0508 V           ; 0.153 V                              ; 0.187 V                              ; 4.63e-10 s                  ; 4.49e-10 s                  ; Yes                        ; Yes                        ; 2.32 V                      ; 1.16e-06 V                  ; 2.37 V             ; -0.0508 V          ; 0.153 V                             ; 0.187 V                             ; 4.63e-10 s                 ; 4.49e-10 s                 ; Yes                       ; Yes                       ;
; dbg_idle       ; 2.5 V        ; 0 s                 ; 0 s                 ; 2.32 V                       ; 1.16e-06 V                   ; 2.37 V              ; -0.049 V            ; 0.154 V                              ; 0.186 V                              ; 4.63e-10 s                  ; 4.5e-10 s                   ; Yes                        ; Yes                        ; 2.32 V                      ; 1.16e-06 V                  ; 2.37 V             ; -0.049 V           ; 0.154 V                             ; 0.186 V                             ; 4.63e-10 s                 ; 4.5e-10 s                  ; Yes                       ; Yes                       ;
; dbg_step       ; 2.5 V        ; 0 s                 ; 0 s                 ; 2.32 V                       ; 1.16e-06 V                   ; 2.37 V              ; -0.049 V            ; 0.154 V                              ; 0.186 V                              ; 4.63e-10 s                  ; 4.5e-10 s                   ; Yes                        ; Yes                        ; 2.32 V                      ; 1.16e-06 V                  ; 2.37 V             ; -0.049 V           ; 0.154 V                             ; 0.186 V                             ; 4.63e-10 s                 ; 4.5e-10 s                  ; Yes                       ; Yes                       ;
; dbg_wait_low   ; 2.5 V        ; 0 s                 ; 0 s                 ; 2.32 V                       ; 1.16e-06 V                   ; 2.37 V              ; -0.049 V            ; 0.154 V                              ; 0.186 V                              ; 4.63e-10 s                  ; 4.5e-10 s                   ; Yes                        ; Yes                        ; 2.32 V                      ; 1.16e-06 V                  ; 2.37 V             ; -0.049 V           ; 0.154 V                             ; 0.186 V                             ; 4.63e-10 s                 ; 4.5e-10 s                  ; Yes                       ; Yes                       ;
; dbg_wait_high  ; 2.5 V        ; 0 s                 ; 0 s                 ; 2.32 V                       ; 1.16e-06 V                   ; 2.37 V              ; -0.0508 V           ; 0.153 V                              ; 0.187 V                              ; 4.63e-10 s                  ; 4.49e-10 s                  ; Yes                        ; Yes                        ; 2.32 V                      ; 1.16e-06 V                  ; 2.37 V             ; -0.0508 V          ; 0.153 V                             ; 0.187 V                             ; 4.63e-10 s                 ; 4.49e-10 s                 ; Yes                       ; Yes                       ;
; dbg_done       ; 2.5 V        ; 0 s                 ; 0 s                 ; 2.32 V                       ; 1.16e-06 V                   ; 2.37 V              ; -0.0508 V           ; 0.153 V                              ; 0.187 V                              ; 4.63e-10 s                  ; 4.49e-10 s                  ; Yes                        ; Yes                        ; 2.32 V                      ; 1.16e-06 V                  ; 2.37 V             ; -0.0508 V          ; 0.153 V                             ; 0.187 V                             ; 4.63e-10 s                 ; 4.49e-10 s                 ; Yes                       ; Yes                       ;
; dbg_alarm_sync ; 2.5 V        ; 0 s                 ; 0 s                 ; 2.32 V                       ; 1.16e-06 V                   ; 2.37 V              ; -0.049 V            ; 0.154 V                              ; 0.186 V                              ; 4.63e-10 s                  ; 4.5e-10 s                   ; Yes                        ; Yes                        ; 2.32 V                      ; 1.16e-06 V                  ; 2.37 V             ; -0.049 V           ; 0.154 V                             ; 0.186 V                             ; 4.63e-10 s                 ; 4.5e-10 s                  ; Yes                       ; Yes                       ;
; ~ALTERA_TDO~   ; 2.5 V        ; 0 s                 ; 0 s                 ; 2.32 V                       ; 1.97e-06 V                   ; 2.36 V              ; -0.0173 V           ; 0.144 V                              ; 0.094 V                              ; 6.44e-10 s                  ; 7.2e-10 s                   ; No                         ; Yes                        ; 2.32 V                      ; 1.97e-06 V                  ; 2.36 V             ; -0.0173 V          ; 0.144 V                             ; 0.094 V                             ; 6.44e-10 s                 ; 7.2e-10 s                  ; No                        ; Yes                       ;
+----------------+--------------+---------------------+---------------------+------------------------------+------------------------------+---------------------+---------------------+--------------------------------------+--------------------------------------+-----------------------------+-----------------------------+----------------------------+----------------------------+-----------------------------+-----------------------------+--------------------+--------------------+-------------------------------------+-------------------------------------+----------------------------+----------------------------+---------------------------+---------------------------+


+---------------------------------------------------------------------------------------------------------------------------------------------------------------------------------------------------------------------------------------------------------------------------------------------------------------------------------------------------------------------------------------------------------------------------------------------------------------------------------------------------------------------------------------------------------------------------------------------------------------------------------------------------------------------------------------------+
; Signal Integrity Metrics (Fast 1200mv 0c Model)                                                                                                                                                                                                                                                                                                                                                                                                                                                                                                                                                                                                                                             ;
+----------------+--------------+---------------------+---------------------+------------------------------+------------------------------+---------------------+---------------------+--------------------------------------+--------------------------------------+-----------------------------+-----------------------------+----------------------------+----------------------------+-----------------------------+-----------------------------+--------------------+--------------------+-------------------------------------+-------------------------------------+----------------------------+----------------------------+---------------------------+---------------------------+
; Pin            ; I/O Standard ; Board Delay on Rise ; Board Delay on Fall ; Steady State Voh at FPGA Pin ; Steady State Vol at FPGA Pin ; Voh Max at FPGA Pin ; Vol Min at FPGA Pin ; Ringback Voltage on Rise at FPGA Pin ; Ringback Voltage on Fall at FPGA Pin ; 10-90 Rise Time at FPGA Pin ; 90-10 Fall Time at FPGA Pin ; Monotonic Rise at FPGA Pin ; Monotonic Fall at FPGA Pin ; Steady State Voh at Far-end ; Steady State Vol at Far-end ; Voh Max at Far-end ; Vol Min at Far-end ; Ringback Voltage on Rise at Far-end ; Ringback Voltage on Fall at Far-end ; 10-90 Rise Time at Far-end ; 90-10 Fall Time at Far-end ; Monotonic Rise at Far-end ; Monotonic Fall at Far-end ;
+----------------+--------------+---------------------+---------------------+------------------------------+------------------------------+---------------------+---------------------+--------------------------------------+--------------------------------------+-----------------------------+-----------------------------+----------------------------+----------------------------+-----------------------------+-----------------------------+--------------------+--------------------+-------------------------------------+-------------------------------------+----------------------------+----------------------------+---------------------------+---------------------------+
; alarm          ; 2.5 V        ; 0 s                 ; 0 s                 ; 2.62 V                       ; 9.94e-08 V                   ; 2.78 V              ; -0.0444 V           ; 0.25 V                               ; 0.107 V                              ; 2.67e-10 s                  ; 2.75e-10 s                  ; No                         ; Yes                        ; 2.62 V                      ; 9.94e-08 V                  ; 2.78 V             ; -0.0444 V          ; 0.25 V                              ; 0.107 V                             ; 2.67e-10 s                 ; 2.75e-10 s                 ; No                        ; Yes                       ;
; pll_locked     ; 2.5 V        ; 0 s                 ; 0 s                 ; 2.62 V                       ; 9.95e-08 V                   ; 2.78 V              ; -0.0452 V           ; 0.248 V                              ; 0.108 V                              ; 2.67e-10 s                  ; 2.75e-10 s                  ; No                         ; Yes                        ; 2.62 V                      ; 9.95e-08 V                  ; 2.78 V             ; -0.0452 V          ; 0.248 V                             ; 0.108 V                             ; 2.67e-10 s                 ; 2.75e-10 s                 ; No                        ; Yes                       ;
; calibrated     ; 2.5 V        ; 0 s                 ; 0 s                 ; 2.62 V                       ; 9.95e-08 V                   ; 2.78 V              ; -0.0452 V           ; 0.248 V                              ; 0.108 V                              ; 2.67e-10 s                  ; 2.75e-10 s                  ; No                         ; Yes                        ; 2.62 V                      ; 9.95e-08 V                  ; 2.78 V             ; -0.0452 V          ; 0.248 V                             ; 0.108 V                             ; 2.67e-10 s                 ; 2.75e-10 s                 ; No                        ; Yes                       ;
; uart_txd       ; 2.5 V        ; 0 s                 ; 0 s                 ; 2.62 V                       ; 9.95e-08 V                   ; 2.77 V              ; -0.0486 V           ; 0.285 V                              ; 0.06 V                               ; 2.8e-10 s                   ; 3.04e-10 s                  ; No                         ; Yes                        ; 2.62 V                      ; 9.95e-08 V                  ; 2.77 V             ; -0.0486 V          ; 0.285 V                             ; 0.06 V                              ; 2.8e-10 s                  ; 3.04e-10 s                 ; No                        ; Yes                       ;
; hex0[0]        ; 2.5 V        ; 0 s                 ; 0 s                 ; 2.62 V                       ; 9.94e-08 V                   ; 2.78 V              ; -0.0444 V           ; 0.25 V                               ; 0.107 V                              ; 2.67e-10 s                  ; 2.75e-10 s                  ; No                         ; Yes                        ; 2.62 V                      ; 9.94e-08 V                  ; 2.78 V             ; -0.0444 V          ; 0.25 V                              ; 0.107 V                             ; 2.67e-10 s                 ; 2.75e-10 s                 ; No                        ; Yes                       ;
; hex0[1]        ; 2.5 V        ; 0 s                 ; 0 s                 ; 2.62 V                       ; 9.95e-08 V                   ; 2.78 V              ; -0.0452 V           ; 0.248 V                              ; 0.108 V                              ; 2.67e-10 s                  ; 2.75e-10 s                  ; No                         ; Yes                        ; 2.62 V                      ; 9.95e-08 V                  ; 2.78 V             ; -0.0452 V          ; 0.248 V                             ; 0.108 V                             ; 2.67e-10 s                 ; 2.75e-10 s                 ; No                        ; Yes                       ;
; hex0[2]        ; 2.5 V        ; 0 s                 ; 0 s                 ; 2.62 V                       ; 9.95e-08 V                   ; 2.78 V              ; -0.0452 V           ; 0.248 V                              ; 0.108 V                              ; 2.67e-10 s                  ; 2.75e-10 s                  ; No                         ; Yes                        ; 2.62 V                      ; 9.95e-08 V                  ; 2.78 V             ; -0.0452 V          ; 0.248 V                             ; 0.108 V                             ; 2.67e-10 s                 ; 2.75e-10 s                 ; No                        ; Yes                       ;
; hex0[3]        ; 2.5 V        ; 0 s                 ; 0 s                 ; 2.62 V                       ; 9.94e-08 V                   ; 2.78 V              ; -0.0444 V           ; 0.25 V                               ; 0.107 V                              ; 2.67e-10 s                  ; 2.75e-10 s                  ; No                         ; Yes                        ; 2.62 V                      ; 9.94e-08 V                  ; 2.78 V             ; -0.0444 V          ; 0.25 V                              ; 0.107 V                             ; 2.67e-10 s                 ; 2.75e-10 s                 ; No                        ; Yes                       ;
; hex0[4]        ; 2.5 V        ; 0 s                 ; 0 s                 ; 2.62 V                       ; 9.94e-08 V                   ; 2.78 V              ; -0.0444 V           ; 0.25 V                               ; 0.107 V                              ; 2.67e-10 s                  ; 2.75e-10 s                  ; No                         ; Yes                        ; 2.62 V                      ; 9.94e-08 V                  ; 2.78 V             ; -0.0444 V          ; 0.25 V                              ; 0.107 V                             ; 2.67e-10 s                 ; 2.75e-10 s                 ; No                        ; Yes                       ;
; hex0[5]        ; 2.5 V        ; 0 s                 ; 0 s                 ; 2.62 V                       ; 9.94e-08 V                   ; 2.78 V              ; -0.0444 V           ; 0.25 V                               ; 0.107 V                              ; 2.67e-10 s                  ; 2.75e-10 s                  ; No                         ; Yes                        ; 2.62 V                      ; 9.94e-08 V                  ; 2.78 V             ; -0.0444 V          ; 0.25 V                              ; 0.107 V                             ; 2.67e-10 s                 ; 2.75e-10 s                 ; No                        ; Yes                       ;
; hex0[6]        ; 2.5 V        ; 0 s                 ; 0 s                 ; 2.62 V                       ; 9.95e-08 V                   ; 2.78 V              ; -0.0452 V           ; 0.248 V                              ; 0.108 V                              ; 2.67e-10 s                  ; 2.75e-10 s                  ; No                         ; Yes                        ; 2.62 V                      ; 9.95e-08 V                  ; 2.78 V             ; -0.0452 V          ; 0.248 V                             ; 0.108 V                             ; 2.67e-10 s                 ; 2.75e-10 s                 ; No                        ; Yes                       ;
; hex1[0]        ; 2.5 V        ; 0 s                 ; 0 s                 ; 2.62 V                       ; 9.94e-08 V                   ; 2.78 V              ; -0.0444 V           ; 0.25 V                               ; 0.107 V                              ; 2.67e-10 s                  ; 2.75e-10 s                  ; No                         ; Yes                        ; 2.62 V                      ; 9.94e-08 V                  ; 2.78 V             ; -0.0444 V          ; 0.25 V                              ; 0.107 V                             ; 2.67e-10 s                 ; 2.75e-10 s                 ; No                        ; Yes                       ;
; hex1[1]        ; 2.5 V        ; 0 s                 ; 0 s                 ; 2.62 V                       ; 9.94e-08 V                   ; 2.78 V              ; -0.0444 V           ; 0.25 V                               ; 0.107 V                              ; 2.67e-10 s                  ; 2.75e-10 s                  ; No                         ; Yes                        ; 2.62 V                      ; 9.94e-08 V                  ; 2.78 V             ; -0.0444 V          ; 0.25 V                              ; 0.107 V                             ; 2.67e-10 s                 ; 2.75e-10 s                 ; No                        ; Yes                       ;
; hex1[2]        ; 2.5 V        ; 0 s                 ; 0 s                 ; 2.62 V                       ; 9.95e-08 V                   ; 2.78 V              ; -0.0452 V           ; 0.248 V                              ; 0.108 V                              ; 2.67e-10 s                  ; 2.75e-10 s                  ; No                         ; Yes                        ; 2.62 V                      ; 9.95e-08 V                  ; 2.78 V             ; -0.0452 V          ; 0.248 V                             ; 0.108 V                             ; 2.67e-10 s                 ; 2.75e-10 s                 ; No                        ; Yes                       ;
; hex1[3]        ; 2.5 V        ; 0 s                 ; 0 s                 ; 2.62 V                       ; 9.94e-08 V                   ; 2.78 V              ; -0.0444 V           ; 0.25 V                               ; 0.107 V                              ; 2.67e-10 s                  ; 2.75e-10 s                  ; No                         ; Yes                        ; 2.62 V                      ; 9.94e-08 V                  ; 2.78 V             ; -0.0444 V          ; 0.25 V                              ; 0.107 V                             ; 2.67e-10 s                 ; 2.75e-10 s                 ; No                        ; Yes                       ;
; hex1[4]        ; 2.5 V        ; 0 s                 ; 0 s                 ; 2.62 V                       ; 9.95e-08 V                   ; 2.78 V              ; -0.0452 V           ; 0.248 V                              ; 0.108 V                              ; 2.67e-10 s                  ; 2.75e-10 s                  ; No                         ; Yes                        ; 2.62 V                      ; 9.95e-08 V                  ; 2.78 V             ; -0.0452 V          ; 0.248 V                             ; 0.108 V                             ; 2.67e-10 s                 ; 2.75e-10 s                 ; No                        ; Yes                       ;
; hex1[5]        ; 2.5 V        ; 0 s                 ; 0 s                 ; 2.62 V                       ; 9.94e-08 V                   ; 2.78 V              ; -0.0444 V           ; 0.25 V                               ; 0.107 V                              ; 2.67e-10 s                  ; 2.75e-10 s                  ; No                         ; Yes                        ; 2.62 V                      ; 9.94e-08 V                  ; 2.78 V             ; -0.0444 V          ; 0.25 V                              ; 0.107 V                             ; 2.67e-10 s                 ; 2.75e-10 s                 ; No                        ; Yes                       ;
; hex1[6]        ; 2.5 V        ; 0 s                 ; 0 s                 ; 2.62 V                       ; 9.95e-08 V                   ; 2.78 V              ; -0.0452 V           ; 0.248 V                              ; 0.108 V                              ; 2.67e-10 s                  ; 2.75e-10 s                  ; No                         ; Yes                        ; 2.62 V                      ; 9.95e-08 V                  ; 2.78 V             ; -0.0452 V          ; 0.248 V                             ; 0.108 V                             ; 2.67e-10 s                 ; 2.75e-10 s                 ; No                        ; Yes                       ;
; hex2[0]        ; 2.5 V        ; 0 s                 ; 0 s                 ; 2.62 V                       ; 9.94e-08 V                   ; 2.78 V              ; -0.0444 V           ; 0.25 V                               ; 0.107 V                              ; 2.67e-10 s                  ; 2.75e-10 s                  ; No                         ; Yes                        ; 2.62 V                      ; 9.94e-08 V                  ; 2.78 V             ; -0.0444 V          ; 0.25 V                              ; 0.107 V                             ; 2.67e-10 s                 ; 2.75e-10 s                 ; No                        ; Yes                       ;
; hex2[1]        ; 2.5 V        ; 0 s                 ; 0 s                 ; 2.62 V                       ; 9.94e-08 V                   ; 2.78 V              ; -0.0444 V           ; 0.25 V                               ; 0.107 V                              ; 2.67e-10 s                  ; 2.75e-10 s                  ; No                         ; Yes                        ; 2.62 V                      ; 9.94e-08 V                  ; 2.78 V             ; -0.0444 V          ; 0.25 V                              ; 0.107 V                             ; 2.67e-10 s                 ; 2.75e-10 s                 ; No                        ; Yes                       ;
; hex2[2]        ; 2.5 V        ; 0 s                 ; 0 s                 ; 2.62 V                       ; 9.95e-08 V                   ; 2.78 V              ; -0.0452 V           ; 0.248 V                              ; 0.108 V                              ; 2.67e-10 s                  ; 2.75e-10 s                  ; No                         ; Yes                        ; 2.62 V                      ; 9.95e-08 V                  ; 2.78 V             ; -0.0452 V          ; 0.248 V                             ; 0.108 V                             ; 2.67e-10 s                 ; 2.75e-10 s                 ; No                        ; Yes                       ;
; hex2[3]        ; 2.5 V        ; 0 s                 ; 0 s                 ; 2.62 V                       ; 9.95e-08 V                   ; 2.78 V              ; -0.0452 V           ; 0.248 V                              ; 0.108 V                              ; 2.67e-10 s                  ; 2.75e-10 s                  ; No                         ; Yes                        ; 2.62 V                      ; 9.95e-08 V                  ; 2.78 V             ; -0.0452 V          ; 0.248 V                             ; 0.108 V                             ; 2.67e-10 s                 ; 2.75e-10 s                 ; No                        ; Yes                       ;
; hex2[4]        ; 2.5 V        ; 0 s                 ; 0 s                 ; 2.62 V                       ; 9.95e-08 V                   ; 2.78 V              ; -0.0452 V           ; 0.248 V                              ; 0.108 V                              ; 2.67e-10 s                  ; 2.75e-10 s                  ; No                         ; Yes                        ; 2.62 V                      ; 9.95e-08 V                  ; 2.78 V             ; -0.0452 V          ; 0.248 V                             ; 0.108 V                             ; 2.67e-10 s                 ; 2.75e-10 s                 ; No                        ; Yes                       ;
; hex2[5]        ; 2.5 V        ; 0 s                 ; 0 s                 ; 2.62 V                       ; 9.95e-08 V                   ; 2.78 V              ; -0.0452 V           ; 0.248 V                              ; 0.108 V                              ; 2.67e-10 s                  ; 2.75e-10 s                  ; No                         ; Yes                        ; 2.62 V                      ; 9.95e-08 V                  ; 2.78 V             ; -0.0452 V          ; 0.248 V                             ; 0.108 V                             ; 2.67e-10 s                 ; 2.75e-10 s                 ; No                        ; Yes                       ;
; hex2[6]        ; 2.5 V        ; 0 s                 ; 0 s                 ; 2.62 V                       ; 9.94e-08 V                   ; 2.78 V              ; -0.0444 V           ; 0.25 V                               ; 0.107 V                              ; 2.67e-10 s                  ; 2.75e-10 s                  ; No                         ; Yes                        ; 2.62 V                      ; 9.94e-08 V                  ; 2.78 V             ; -0.0444 V          ; 0.25 V                              ; 0.107 V                             ; 2.67e-10 s                 ; 2.75e-10 s                 ; No                        ; Yes                       ;
; hex3[0]        ; 2.5 V        ; 0 s                 ; 0 s                 ; 2.62 V                       ; 9.94e-08 V                   ; 2.78 V              ; -0.0444 V           ; 0.25 V                               ; 0.107 V                              ; 2.67e-10 s                  ; 2.75e-10 s                  ; No                         ; Yes                        ; 2.62 V                      ; 9.94e-08 V                  ; 2.78 V             ; -0.0444 V          ; 0.25 V                              ; 0.107 V                             ; 2.67e-10 s                 ; 2.75e-10 s                 ; No                        ; Yes                       ;
; hex3[1]        ; 2.5 V        ; 0 s                 ; 0 s                 ; 2.62 V                       ; 9.94e-08 V                   ; 2.78 V              ; -0.0444 V           ; 0.25 V                               ; 0.107 V                              ; 2.67e-10 s                  ; 2.75e-10 s                  ; No                         ; Yes                        ; 2.62 V                      ; 9.94e-08 V                  ; 2.78 V             ; -0.0444 V          ; 0.25 V                              ; 0.107 V                             ; 2.67e-10 s                 ; 2.75e-10 s                 ; No                        ; Yes                       ;
; hex3[2]        ; 2.5 V        ; 0 s                 ; 0 s                 ; 2.62 V                       ; 9.95e-08 V                   ; 2.78 V              ; -0.0452 V           ; 0.248 V                              ; 0.108 V                              ; 2.67e-10 s                  ; 2.75e-10 s                  ; No                         ; Yes                        ; 2.62 V                      ; 9.95e-08 V                  ; 2.78 V             ; -0.0452 V          ; 0.248 V                             ; 0.108 V                             ; 2.67e-10 s                 ; 2.75e-10 s                 ; No                        ; Yes                       ;
; hex3[3]        ; 2.5 V        ; 0 s                 ; 0 s                 ; 2.62 V                       ; 9.94e-08 V                   ; 2.78 V              ; -0.0444 V           ; 0.25 V                               ; 0.107 V                              ; 2.67e-10 s                  ; 2.75e-10 s                  ; No                         ; Yes                        ; 2.62 V                      ; 9.94e-08 V                  ; 2.78 V             ; -0.0444 V          ; 0.25 V                              ; 0.107 V                             ; 2.67e-10 s                 ; 2.75e-10 s                 ; No                        ; Yes                       ;
; hex3[4]        ; 2.5 V        ; 0 s                 ; 0 s                 ; 2.62 V                       ; 9.94e-08 V                   ; 2.78 V              ; -0.0444 V           ; 0.25 V                               ; 0.107 V                              ; 2.67e-10 s                  ; 2.75e-10 s                  ; No                         ; Yes                        ; 2.62 V                      ; 9.94e-08 V                  ; 2.78 V             ; -0.0444 V          ; 0.25 V                              ; 0.107 V                             ; 2.67e-10 s                 ; 2.75e-10 s                 ; No                        ; Yes                       ;
; hex3[5]        ; 2.5 V        ; 0 s                 ; 0 s                 ; 2.62 V                       ; 9.95e-08 V                   ; 2.78 V              ; -0.0452 V           ; 0.248 V                              ; 0.108 V                              ; 2.67e-10 s                  ; 2.75e-10 s                  ; No                         ; Yes                        ; 2.62 V                      ; 9.95e-08 V                  ; 2.78 V             ; -0.0452 V          ; 0.248 V                             ; 0.108 V                             ; 2.67e-10 s                 ; 2.75e-10 s                 ; No                        ; Yes                       ;
; hex3[6]        ; 2.5 V        ; 0 s                 ; 0 s                 ; 2.62 V                       ; 9.95e-08 V                   ; 2.78 V              ; -0.0452 V           ; 0.248 V                              ; 0.108 V                              ; 2.67e-10 s                  ; 2.75e-10 s                  ; No                         ; Yes                        ; 2.62 V                      ; 9.95e-08 V                  ; 2.78 V             ; -0.0452 V          ; 0.248 V                             ; 0.108 V                             ; 2.67e-10 s                 ; 2.75e-10 s                 ; No                        ; Yes                       ;
; dbg_phasedone  ; 2.5 V        ; 0 s                 ; 0 s                 ; 2.62 V                       ; 9.94e-08 V                   ; 2.78 V              ; -0.0444 V           ; 0.25 V                               ; 0.107 V                              ; 2.67e-10 s                  ; 2.75e-10 s                  ; No                         ; Yes                        ; 2.62 V                      ; 9.94e-08 V                  ; 2.78 V             ; -0.0444 V          ; 0.25 V                              ; 0.107 V                             ; 2.67e-10 s                 ; 2.75e-10 s                 ; No                        ; Yes                       ;
; dbg_idle       ; 2.5 V        ; 0 s                 ; 0 s                 ; 2.62 V                       ; 9.95e-08 V                   ; 2.78 V              ; -0.0452 V           ; 0.248 V                              ; 0.108 V                              ; 2.67e-10 s                  ; 2.75e-10 s                  ; No                         ; Yes                        ; 2.62 V                      ; 9.95e-08 V                  ; 2.78 V             ; -0.0452 V          ; 0.248 V                             ; 0.108 V                             ; 2.67e-10 s                 ; 2.75e-10 s                 ; No                        ; Yes                       ;
; dbg_step       ; 2.5 V        ; 0 s                 ; 0 s                 ; 2.62 V                       ; 9.95e-08 V                   ; 2.78 V              ; -0.0452 V           ; 0.248 V                              ; 0.108 V                              ; 2.67e-10 s                  ; 2.75e-10 s                  ; No                         ; Yes                        ; 2.62 V                      ; 9.95e-08 V                  ; 2.78 V             ; -0.0452 V          ; 0.248 V                             ; 0.108 V                             ; 2.67e-10 s                 ; 2.75e-10 s                 ; No                        ; Yes                       ;
; dbg_wait_low   ; 2.5 V        ; 0 s                 ; 0 s                 ; 2.62 V                       ; 9.95e-08 V                   ; 2.78 V              ; -0.0452 V           ; 0.248 V                              ; 0.108 V                              ; 2.67e-10 s                  ; 2.75e-10 s                  ; No                         ; Yes                        ; 2.62 V                      ; 9.95e-08 V                  ; 2.78 V             ; -0.0452 V          ; 0.248 V                             ; 0.108 V                             ; 2.67e-10 s                 ; 2.75e-10 s                 ; No                        ; Yes                       ;
; dbg_wait_high  ; 2.5 V        ; 0 s                 ; 0 s                 ; 2.62 V                       ; 9.94e-08 V                   ; 2.78 V              ; -0.0444 V           ; 0.25 V                               ; 0.107 V                              ; 2.67e-10 s                  ; 2.75e-10 s                  ; No                         ; Yes                        ; 2.62 V                      ; 9.94e-08 V                  ; 2.78 V             ; -0.0444 V          ; 0.25 V                              ; 0.107 V                             ; 2.67e-10 s                 ; 2.75e-10 s                 ; No                        ; Yes                       ;
; dbg_done       ; 2.5 V        ; 0 s                 ; 0 s                 ; 2.62 V                       ; 9.94e-08 V                   ; 2.78 V              ; -0.0444 V           ; 0.25 V                               ; 0.107 V                              ; 2.67e-10 s                  ; 2.75e-10 s                  ; No                         ; Yes                        ; 2.62 V                      ; 9.94e-08 V                  ; 2.78 V             ; -0.0444 V          ; 0.25 V                              ; 0.107 V                             ; 2.67e-10 s                 ; 2.75e-10 s                 ; No                        ; Yes                       ;
; dbg_alarm_sync ; 2.5 V        ; 0 s                 ; 0 s                 ; 2.62 V                       ; 9.95e-08 V                   ; 2.78 V              ; -0.0452 V           ; 0.248 V                              ; 0.108 V                              ; 2.67e-10 s                  ; 2.75e-10 s                  ; No                         ; Yes                        ; 2.62 V                      ; 9.95e-08 V                  ; 2.78 V             ; -0.0452 V          ; 0.248 V                             ; 0.108 V                             ; 2.67e-10 s                 ; 2.75e-10 s                 ; No                        ; Yes                       ;
; ~ALTERA_TDO~   ; 2.5 V        ; 0 s                 ; 0 s                 ; 2.62 V                       ; 1.68e-07 V                   ; 2.73 V              ; -0.0395 V           ; 0.361 V                              ; 0.109 V                              ; 3.1e-10 s                   ; 4.41e-10 s                  ; No                         ; Yes                        ; 2.62 V                      ; 1.68e-07 V                  ; 2.73 V             ; -0.0395 V          ; 0.361 V                             ; 0.109 V                             ; 3.1e-10 s                  ; 4.41e-10 s                 ; No                        ; Yes                       ;
+----------------+--------------+---------------------+---------------------+------------------------------+------------------------------+---------------------+---------------------+--------------------------------------+--------------------------------------+-----------------------------+-----------------------------+----------------------------+----------------------------+-----------------------------+-----------------------------+--------------------+--------------------+-------------------------------------+-------------------------------------+----------------------------+----------------------------+---------------------------+---------------------------+


+-----------------------------------------------------------------------------------------------------------------------------------------------------------------+
; Setup Transfers                                                                                                                                                 ;
+---------------------------------------------------------+---------------------------------------------------------+------------+----------+----------+----------+
; From Clock                                              ; To Clock                                                ; RR Paths   ; FR Paths ; RF Paths ; FF Paths ;
+---------------------------------------------------------+---------------------------------------------------------+------------+----------+----------+----------+
; clk50                                                   ; clk50                                                   ; 2480       ; 1        ; 0        ; 0        ;
; u_aging_pll|altpll_component|auto_generated|pll1|clk[2] ; clk50                                                   ; false path ; 0        ; 0        ; 0        ;
; u_aging_pll|altpll_component|auto_generated|pll1|clk[0] ; u_aging_pll|altpll_component|auto_generated|pll1|clk[0] ; 2          ; 0        ; 0        ; 0        ;
; u_aging_pll|altpll_component|auto_generated|pll1|clk[0] ; u_aging_pll|altpll_component|auto_generated|pll1|clk[1] ; 1          ; 0        ; 0        ; 0        ;
; u_aging_pll|altpll_component|auto_generated|pll1|clk[0] ; u_aging_pll|altpll_component|auto_generated|pll1|clk[2] ; false path ; 0        ; 0        ; 0        ;
; u_aging_pll|altpll_component|auto_generated|pll1|clk[1] ; u_aging_pll|altpll_component|auto_generated|pll1|clk[2] ; false path ; 0        ; 0        ; 0        ;
+---------------------------------------------------------+---------------------------------------------------------+------------+----------+----------+----------+
Entries labeled "false path" only account for clock-to-clock false paths and not path-based false paths. As a result, actual path counts may be lower than reported.


+-----------------------------------------------------------------------------------------------------------------------------------------------------------------+
; Hold Transfers                                                                                                                                                  ;
+---------------------------------------------------------+---------------------------------------------------------+------------+----------+----------+----------+
; From Clock                                              ; To Clock                                                ; RR Paths   ; FR Paths ; RF Paths ; FF Paths ;
+---------------------------------------------------------+---------------------------------------------------------+------------+----------+----------+----------+
; clk50                                                   ; clk50                                                   ; 2480       ; 1        ; 0        ; 0        ;
; u_aging_pll|altpll_component|auto_generated|pll1|clk[2] ; clk50                                                   ; false path ; 0        ; 0        ; 0        ;
; u_aging_pll|altpll_component|auto_generated|pll1|clk[0] ; u_aging_pll|altpll_component|auto_generated|pll1|clk[0] ; 2          ; 0        ; 0        ; 0        ;
; u_aging_pll|altpll_component|auto_generated|pll1|clk[0] ; u_aging_pll|altpll_component|auto_generated|pll1|clk[1] ; 1          ; 0        ; 0        ; 0        ;
; u_aging_pll|altpll_component|auto_generated|pll1|clk[0] ; u_aging_pll|altpll_component|auto_generated|pll1|clk[2] ; false path ; 0        ; 0        ; 0        ;
; u_aging_pll|altpll_component|auto_generated|pll1|clk[1] ; u_aging_pll|altpll_component|auto_generated|pll1|clk[2] ; false path ; 0        ; 0        ; 0        ;
+---------------------------------------------------------+---------------------------------------------------------+------------+----------+----------+----------+
Entries labeled "false path" only account for clock-to-clock false paths and not path-based false paths. As a result, actual path counts may be lower than reported.


+-------------------------------------------------------------------+
; Recovery Transfers                                                ;
+------------+----------+----------+----------+----------+----------+
; From Clock ; To Clock ; RR Paths ; FR Paths ; RF Paths ; FF Paths ;
+------------+----------+----------+----------+----------+----------+
; clk50      ; clk50    ; 3        ; 3        ; 0        ; 0        ;
+------------+----------+----------+----------+----------+----------+
Entries labeled "false path" only account for clock-to-clock false paths and not path-based false paths. As a result, actual path counts may be lower than reported.


+-------------------------------------------------------------------+
; Removal Transfers                                                 ;
+------------+----------+----------+----------+----------+----------+
; From Clock ; To Clock ; RR Paths ; FR Paths ; RF Paths ; FF Paths ;
+------------+----------+----------+----------+----------+----------+
; clk50      ; clk50    ; 3        ; 3        ; 0        ; 0        ;
+------------+----------+----------+----------+----------+----------+
Entries labeled "false path" only account for clock-to-clock false paths and not path-based false paths. As a result, actual path counts may be lower than reported.


---------------
; Report TCCS ;
---------------
No dedicated SERDES Transmitter circuitry present in device or used in design


---------------
; Report RSKM ;
---------------
No non-DPA dedicated SERDES Receiver circuitry present in device or used in design


+------------------------------------------------+
; Unconstrained Paths Summary                    ;
+---------------------------------+-------+------+
; Property                        ; Setup ; Hold ;
+---------------------------------+-------+------+
; Illegal Clocks                  ; 0     ; 0    ;
; Unconstrained Clocks            ; 0     ; 0    ;
; Unconstrained Input Ports       ; 2     ; 2    ;
; Unconstrained Input Port Paths  ; 74    ; 74   ;
; Unconstrained Output Ports      ; 4     ; 4    ;
; Unconstrained Output Port Paths ; 5     ; 5    ;
+---------------------------------+-------+------+


+---------------------------------------------------------------------------------------------------------------------------------------------+
; Clock Status Summary                                                                                                                        ;
+---------------------------------------------------------+---------------------------------------------------------+-----------+-------------+
; Target                                                  ; Clock                                                   ; Type      ; Status      ;
+---------------------------------------------------------+---------------------------------------------------------+-----------+-------------+
; clk50                                                   ; clk50                                                   ; Base      ; Constrained ;
; u_aging_pll|altpll_component|auto_generated|pll1|clk[0] ; u_aging_pll|altpll_component|auto_generated|pll1|clk[0] ; Generated ; Constrained ;
; u_aging_pll|altpll_component|auto_generated|pll1|clk[1] ; u_aging_pll|altpll_component|auto_generated|pll1|clk[1] ; Generated ; Constrained ;
; u_aging_pll|altpll_component|auto_generated|pll1|clk[2] ; u_aging_pll|altpll_component|auto_generated|pll1|clk[2] ; Generated ; Constrained ;
+---------------------------------------------------------+---------------------------------------------------------+-----------+-------------+


+---------------------------------------------------------------------------------------------------+
; Unconstrained Input Ports                                                                         ;
+------------+--------------------------------------------------------------------------------------+
; Input Port ; Comment                                                                              ;
+------------+--------------------------------------------------------------------------------------+
; clk50      ; No input delay, min/max delays, false-path exceptions, or max skew assignments found ;
; cpu_resetn ; Partially constrained                                                                ;
+------------+--------------------------------------------------------------------------------------+


+-------------------------------------------------------------------------------------------------------+
; Unconstrained Output Ports                                                                            ;
+---------------+---------------------------------------------------------------------------------------+
; Output Port   ; Comment                                                                               ;
+---------------+---------------------------------------------------------------------------------------+
; alarm         ; No output delay, min/max delays, false-path exceptions, or max skew assignments found ;
; dbg_phasedone ; No output delay, min/max delays, false-path exceptions, or max skew assignments found ;
; pll_locked    ; No output delay, min/max delays, false-path exceptions, or max skew assignments found ;
; uart_txd      ; No output delay, min/max delays, false-path exceptions, or max skew assignments found ;
+---------------+---------------------------------------------------------------------------------------+


+---------------------------------------------------------------------------------------------------+
; Unconstrained Input Ports                                                                         ;
+------------+--------------------------------------------------------------------------------------+
; Input Port ; Comment                                                                              ;
+------------+--------------------------------------------------------------------------------------+
; clk50      ; No input delay, min/max delays, false-path exceptions, or max skew assignments found ;
; cpu_resetn ; Partially constrained                                                                ;
+------------+--------------------------------------------------------------------------------------+


+-------------------------------------------------------------------------------------------------------+
; Unconstrained Output Ports                                                                            ;
+---------------+---------------------------------------------------------------------------------------+
; Output Port   ; Comment                                                                               ;
+---------------+---------------------------------------------------------------------------------------+
; alarm         ; No output delay, min/max delays, false-path exceptions, or max skew assignments found ;
; dbg_phasedone ; No output delay, min/max delays, false-path exceptions, or max skew assignments found ;
; pll_locked    ; No output delay, min/max delays, false-path exceptions, or max skew assignments found ;
; uart_txd      ; No output delay, min/max delays, false-path exceptions, or max skew assignments found ;
+---------------+---------------------------------------------------------------------------------------+


+--------------------------+
; Timing Analyzer Messages ;
+--------------------------+
Info: *******************************************************************
Info: Running Quartus Prime Timing Analyzer
    Info: Version 25.1std.0 Build 1129 10/21/2025 SC Lite Edition
    Info: Processing started: Tue Oct  6 16:11:54 2026
Info: Command: quartus_sta max10_aging_port -c max10_aging_top
Info: qsta_default_script.tcl version: #1
Warning (18236): Number of processors has not been specified which may cause overloading on shared machines.  Set the global assignment NUM_PARALLEL_PROCESSORS in your QSF to an appropriate value for best performance.
Info (20030): Parallel compilation is enabled and will use 4 of the 4 processors detected
Info (21077): Low junction temperature is 0 degrees C
Info (21077): High junction temperature is 85 degrees C
Info (332164): Evaluating HDL-embedded SDC commands
    Info (332165): Entity aging_pll_altpll
        Info (332166): set_false_path -from ** -to *phasedone_state* 
        Info (332166): set_false_path -from ** -to *internal_phasestep* 
Info (332104): Reading SDC File: 'src/constraints/max10_aging.sdc'
Info (332110): Deriving PLL clocks
    Info (332110): create_generated_clock -source {u_aging_pll|altpll_component|auto_generated|pll1|inclk[0]} -divide_by 10 -duty_cycle 50.00 -name {u_aging_pll|altpll_component|auto_generated|pll1|clk[0]} {u_aging_pll|altpll_component|auto_generated|pll1|clk[0]}
    Info (332110): create_generated_clock -source {u_aging_pll|altpll_component|auto_generated|pll1|inclk[0]} -divide_by 10 -duty_cycle 50.00 -name {u_aging_pll|altpll_component|auto_generated|pll1|clk[1]} {u_aging_pll|altpll_component|auto_generated|pll1|clk[1]}
    Info (332110): create_generated_clock -source {u_aging_pll|altpll_component|auto_generated|pll1|inclk[0]} -divide_by 10 -phase 18.00 -duty_cycle 50.00 -name {u_aging_pll|altpll_component|auto_generated|pll1|clk[2]} {u_aging_pll|altpll_component|auto_generated|pll1|clk[2]}
Info (332151): Clock uncertainty is not calculated until you update the timing netlist.
Info (332123): Deriving Clock Uncertainty. Please refer to report_sdc in the Timing Analyzer to see clock uncertainties.
Info: Found TIMING_ANALYZER_REPORT_SCRIPT_INCLUDE_DEFAULT_ANALYSIS = ON
Info: Analyzing Slow 1200mV 85C Model
Info: Can't run Report Timing Closure Recommendations. The current device family is not supported.
Info (332146): Worst-case setup slack is 15.111
    Info (332119):     Slack       End Point TNS Clock 
    Info (332119): ========= =================== =====================
    Info (332119):    15.111               0.000 clk50 
    Info (332119):   173.763               0.000 u_aging_pll|altpll_component|auto_generated|pll1|clk[0] 
Info (332146): Worst-case hold slack is 0.347
    Info (332119):     Slack       End Point TNS Clock 
    Info (332119): ========= =================== =====================
    Info (332119):     0.347               0.000 clk50 
    Info (332119):     0.439               0.000 u_aging_pll|altpll_component|auto_generated|pll1|clk[0] 
Info (332140): No Recovery paths to report
Info (332140): No Removal paths to report
Info (332146): Worst-case minimum pulse width slack is 8.749
    Info (332119):     Slack       End Point TNS Clock 
    Info (332119): ========= =================== =====================
    Info (332119):     8.749               0.000 clk50 
    Info (332119):    99.740               0.000 u_aging_pll|altpll_component|auto_generated|pll1|clk[1] 
    Info (332119):    99.741               0.000 u_aging_pll|altpll_component|auto_generated|pll1|clk[0] 
    Info (332119):    99.741               0.000 u_aging_pll|altpll_component|auto_generated|pll1|clk[2] 
Info: Analyzing Slow 1200mV 0C Model
Info (334003): Started post-fitting delay annotation
Info (334004): Delay annotation completed successfully
Info (332123): Deriving Clock Uncertainty. Please refer to report_sdc in the Timing Analyzer to see clock uncertainties.
Info (332146): Worst-case setup slack is 15.505
    Info (332119):     Slack       End Point TNS Clock 
    Info (332119): ========= =================== =====================
    Info (332119):    15.505               0.000 clk50 
    Info (332119):   175.895               0.000 u_aging_pll|altpll_component|auto_generated|pll1|clk[0] 
Info (332146): Worst-case hold slack is 0.311
    Info (332119):     Slack       End Point TNS Clock 
    Info (332119): ========= =================== =====================
    Info (332119):     0.311               0.000 clk50 
    Info (332119):     0.359               0.000 u_aging_pll|altpll_component|auto_generated|pll1|clk[0] 
Info (332140): No Recovery paths to report
Info (332140): No Removal paths to report
Info (332146): Worst-case minimum pulse width slack is 8.778
    Info (332119):     Slack       End Point TNS Clock 
    Info (332119): ========= =================== =====================
    Info (332119):     8.778               0.000 clk50 
    Info (332119):    99.719               0.000 u_aging_pll|altpll_component|auto_generated|pll1|clk[0] 
    Info (332119):    99.719               0.000 u_aging_pll|altpll_component|auto_generated|pll1|clk[2] 
    Info (332119):    99.720               0.000 u_aging_pll|altpll_component|auto_generated|pll1|clk[1] 
Info: Analyzing Fast 1200mV 0C Model
Info (332123): Deriving Clock Uncertainty. Please refer to report_sdc in the Timing Analyzer to see clock uncertainties.
Info (332146): Worst-case setup slack is 17.968
    Info (332119):     Slack       End Point TNS Clock 
    Info (332119): ========= =================== =====================
    Info (332119):    17.968               0.000 clk50 
    Info (332119):   189.466               0.000 u_aging_pll|altpll_component|auto_generated|pll1|clk[0] 
Info (332146): Worst-case hold slack is 0.151
    Info (332119):     Slack       End Point TNS Clock 
    Info (332119): ========= =================== =====================
    Info (332119):     0.151               0.000 clk50 
    Info (332119):     0.215               0.000 u_aging_pll|altpll_component|auto_generated|pll1|clk[0] 
Info (332140): No Recovery paths to report
Info (332140): No Removal paths to report
Info (332146): Worst-case minimum pulse width slack is 8.506
    Info (332119):     Slack       End Point TNS Clock 
    Info (332119): ========= =================== =====================
    Info (332119):     8.506               0.000 clk50 
    Info (332119):    99.804               0.000 u_aging_pll|altpll_component|auto_generated|pll1|clk[0] 
    Info (332119):    99.804               0.000 u_aging_pll|altpll_component|auto_generated|pll1|clk[1] 
    Info (332119):    99.804               0.000 u_aging_pll|altpll_component|auto_generated|pll1|clk[2] 
Info (332102): Design is not fully constrained for setup requirements
Info (332102): Design is not fully constrained for hold requirements
Info: Quartus Prime Timing Analyzer was successful. 0 errors, 1 warning
    Info: Peak virtual memory: 4853 megabytes
    Info: Processing ended: Tue Oct  6 16:11:56 2026
    Info: Elapsed time: 00:00:02
    Info: Total CPU time (on all processors): 00:00:02


